TestCase_Id,mo_number,style,color_name,size_name,mo_quantity,plant_code,po_number,handled_po,omsMoOperations01,product_sku1,material_item_code1,material_mo_unique_ref_id1,omsMoOperations02,material_item_code02
Tc_001,PO1_Nk_MCl_MO1,AB804SF8,DBBKACKIN6,S,100,CSE,,FALSE,"{0=10 PO1_Nk_MCl_MO1,1=15 PO1_Nk_MCl_MO1,2=100 PO1_Nk_MCl_MO1,3=900 PO1_Nk_MCl_MO1,4=130 PO1_Nk_MCl_MO1,5=200 PO1_Nk_MCl_MO1}",PO1_Nk_MCl_MO1_100,PO1_Nk_MCl_MO1_S,PO1_Nk_MCl_MO1_refid,"{0=10,1=15,2=100,3=900,4=130,5=200}",PO1_Nk_MCl_MO1_S
Tc_002,PO1_NK_MCl_MO2,AB804SF8,REFLLCKIN9,S,200,CSE,,FALSE,"{0=10 PO1_NK_MCl_MO2,1=15 PO1_NK_MCl_MO2,2=100 PO1_NK_MCl_MO2,3=900 PO1_NK_MCl_MO2,4=130 PO1_NK_MCl_MO2,5=200 PO1_NK_MCl_MO2}",PO1_NK_MCl_MO2_200,PO1_NK_MCl_MO2_S,PO1_NK_MCl_MO2_refid,"{0=10,1=15,2=100,3=900,4=130,5=200}",PO1_NK_MCl_MO2_S
Tc_003,PO1_NK_MCl_MO3,AB804SF8,TBBKLAKIN7,S,100,CSE,,FALSE,"{0=10 PO1_NK_MCl_MO3,1=15 PO1_NK_MCl_MO3,2=100 PO1_NK_MCl_MO3,3=900 PO1_NK_MCl_MO3,4=130 PO1_NK_MCl_MO3,5=200 PO1_NK_MCl_MO3}",PO1_NK_MCl_MO3_100,PO1_NK_MCl_MO3_S,PO1_NK_MCl_MO3_refid,"{0=10,1=15,2=100,3=900,4=130,5=200}",PO1_NK_MCl_MO3_S
Tc_004,PO1_Nk_MCl_MO4,AB804SF8,DBBKACKIN6,M,200,CSE,,FALSE,"{0=10 PO1_Nk_MCl_MO4,1=15 PO1_Nk_MCl_MO4,2=100 PO1_Nk_MCl_MO4,3=900 PO1_Nk_MCl_MO4,4=130 PO1_Nk_MCl_MO4,5=200 PO1_Nk_MCl_MO4}",PO1_Nk_MCl_MO4_200,PO1_Nk_MCl_MO4_M,PO1_Nk_MCl_MO4_refid,"{0=10,1=15,2=100,3=900,4=130,5=200}",PO1_Nk_MCl_MO4_M
Tc_005,PO1_Nk_MCl_MO5,AB804SF8,REFLLCKIN9,M,400,CSE,,FALSE,"{0=10 PO1_Nk_MCl_MO5,1=15 PO1_Nk_MCl_MO5,2=100 PO1_Nk_MCl_MO5,3=900 PO1_Nk_MCl_MO5,4=130 PO1_Nk_MCl_MO5,5=200 PO1_Nk_MCl_MO5}",PO1_Nk_MCl_MO5_400,PO1_Nk_MCl_MO5_M,PO1_Nk_MCl_MO5_refid,"{0=10,1=15,2=100,3=900,4=130,5=200}",PO1_Nk_MCl_MO5_M
Tc_006,PO1_Nk_MCl_MO6,AB804SF8,TBBKLAKIN7,M,200,CSE,,FALSE,"{0=10 PO1_Nk_MCl_MO6,1=15 PO1_Nk_MCl_MO6,2=100 PO1_Nk_MCl_MO6,3=900 PO1_Nk_MCl_MO6,4=130 PO1_Nk_MCl_MO6,5=200 PO1_Nk_MCl_MO6}",PO1_Nk_MCl_MO6_200,PO1_Nk_MCl_MO6_M,PO1_Nk_MCl_MO6_refid,"{0=10,1=15,2=100,3=900,4=130,5=200}",PO1_Nk_MCl_MO6_M
Tc_007,PO1_Nk_MCl_MO7,AB804SF8,DBBKACKIN6,L,200,CSE,,FALSE,"{0=10 PO1_Nk_MCl_MO7,1=15 PO1_Nk_MCl_MO7,2=100 PO1_Nk_MCl_MO7,3=900 PO1_Nk_MCl_MO7,4=130 PO1_Nk_MCl_MO7,5=200 PO1_Nk_MCl_MO7}",PO1_Nk_MCl_MO7_200,PO1_Nk_MCl_MO7_L,PO1_Nk_MCl_MO7_refid,"{0=10,1=15,2=100,3=900,4=130,5=200}",PO1_Nk_MCl_MO7_L
Tc_008,PO1_Nk_MCl_MO8,AB804SF8,REFLLCKIN9,L,400,CSE,,FALSE,"{0=10 PO1_Nk_MCl_MO8,1=15 PO1_Nk_MCl_MO8,2=100 PO1_Nk_MCl_MO8,3=900 PO1_Nk_MCl_MO8,4=130 PO1_Nk_MCl_MO8,5=200 PO1_Nk_MCl_MO8}",PO1_Nk_MCl_MO8_400,PO1_Nk_MCl_MO8_L,PO1_Nk_MCl_MO8_refid,"{0=10,1=15,2=100,3=900,4=130,5=200}",PO1_Nk_MCl_MO8_L
Tc_009,PO1_Nk_MCl_MO9,AB804SF8,TBBKLAKIN7,L,200,CSE,,FALSE,"{0=10 PO1_Nk_MCl_MO9,1=15 PO1_Nk_MCl_MO9,2=100 PO1_Nk_MCl_MO9,3=900 PO1_Nk_MCl_MO9,4=130 PO1_Nk_MCl_MO9,5=200 PO1_Nk_MCl_MO9}",PO1_Nk_MCl_MO9_200,PO1_Nk_MCl_MO9_L,PO1_Nk_MCl_MO9_refid,"{0=10,1=15,2=100,3=900,4=130,5=200}",PO1_Nk_MCl_MO9_L
Tc_010,PO1_Nk_MCl_MO10,AB804SF8,DBBKACKIN6,XL,300,CSE,,FALSE,"{0=10 PO1_Nk_MCl_MO10,1=15 PO1_Nk_MCl_MO10,2=100 PO1_Nk_MCl_MO10,3=900 PO1_Nk_MCl_MO10,4=130 PO1_Nk_MCl_MO10,5=200 PO1_Nk_MCl_MO10}",PO1_Nk_MCl_MO10_300,PO1_Nk_MCl_MO10_XL,PO1_Nk_MCl_MO10_refid,"{0=10,1=15,2=100,3=900,4=130,5=200}",PO1_Nk_MCl_MO10_XL
Tc_011,PO1_Nk_MCl_MO11,AB804SF8,REFLLCKIN9,XL,600,CSE,,FALSE,"{0=10 PO1_Nk_MCl_MO11,1=15 PO1_Nk_MCl_MO11,2=100 PO1_Nk_MCl_MO11,3=900 PO1_Nk_MCl_MO11,4=130 PO1_Nk_MCl_MO11,5=200 PO1_Nk_MCl_MO11}",PO1_Nk_MCl_MO11_600,PO1_Nk_MCl_MO11_XL,PO1_Nk_MCl_MO11_refid,"{0=10,1=15,2=100,3=900,4=130,5=200}",PO1_Nk_MCl_MO11_XL
Tc_012,PO1_Nk_MCl_MO12,AB804SF8,TBBKLAKIN7,XL,300,CSE,,FALSE,"{0=10 PO1_Nk_MCl_MO12,1=15 PO1_Nk_MCl_MO12,2=100 PO1_Nk_MCl_MO12,3=900 PO1_Nk_MCl_MO12,4=130 PO1_Nk_MCl_MO12,5=200 PO1_Nk_MCl_MO12}",PO1_Nk_MCl_MO12_300,PO1_Nk_MCl_MO12_XL,PO1_Nk_MCl_MO12_refid,"{0=10,1=15,2=100,3=900,4=130,5=200}",PO1_Nk_MCl_MO12_XL
Tc_013,PO1_Nk_MCl_MO13,AB804SF8,REFLLCKIN9,XXL,500,CSE,,FALSE,"{0=10 PO1_Nk_MCl_MO13,1=15 PO1_Nk_MCl_MO13,2=100 PO1_Nk_MCl_MO13,3=900 PO1_Nk_MCl_MO13,4=130 PO1_Nk_MCl_MO13,5=200 PO1_Nk_MCl_MO13}",PO1_Nk_MCl_MO13_500,PO1_Nk_MCl_MO13_XXL,PO1_Nk_MCl_MO13_refid,"{0=10,1=15,2=100,3=900,4=130,5=200}",PO1_Nk_MCl_MO13_XXL
Tc_014,PO2_Nk_MCl_MO14,ABZ04SS8,BLKBLACKA,L,100,CSE,,FALSE,"{0=10 PO2_Nk_MCl_MO14,1=15 PO2_Nk_MCl_MO14,2=100 PO2_Nk_MCl_MO14,3=120 PO2_Nk_MCl_MO14,4=125PO2_Nk_MCl_MO14,5=130 PO2_Nk_MCl_MO14,6=200PO2_Nk_MCl_MO14}",PO2_Nk_MCl_MO14_100,PO2_Nk_MCl_MO14_L,PO2_Nk_MCl_MO14_refid,"{0=10,1=15,2=100,3=120,4=125,5=130,6=200}",PO2_Nk_MCl_MO14_L
Tc_015,PO2_Nk_MCl_MO15,ABZ04SS8,DRBLUBLU,L,200,CSE,,FALSE,"{0=10 PO2_Nk_MCl_MO15,1=15 PO2_Nk_MCl_MO15,2=100 PO2_Nk_MCl_MO15,3=120 PO2_Nk_MCl_MO15,4=125PO2_Nk_MCl_MO15,5=130 PO2_Nk_MCl_MO15,6=200PO2_Nk_MCl_MO15}",PO2_Nk_MCl_MO15_200,PO2_Nk_MCl_MO15_L,PO2_Nk_MCl_MO15_refid,"{0=10,1=15,2=100,3=120,4=125,5=130,6=200}",PO2_Nk_MCl_MO15_L
Tc_016,PO2_Nk_MCl_MO16,ABZ04SS8,TBBKLAKIN7,L,400,CSE,,FALSE,"{0=10 PO2_Nk_MCl_MO16,1=15 PO2_Nk_MCl_MO16,2=100 PO2_Nk_MCl_MO16,3=120 PO2_Nk_MCl_MO16,4=125PO2_Nk_MCl_MO16,5=130 PO2_Nk_MCl_MO16,6=200PO2_Nk_MCl_MO16}",PO2_Nk_MCl_MO16_400,PO2_Nk_MCl_MO16_L,PO2_Nk_MCl_MO16_refid,"{0=10,1=15,2=100,3=120,4=125,5=130,6=200}",PO2_Nk_MCl_MO16_L
Tc_017,PO3_Nk_MCl_MO17,AB806SF8,BLCKLAIN10,L,100,CSE,,FALSE,"{0=10 PO3_Nk_MCl_MO17,1=15 PO3_Nk_MCl_MO17,2=40 PO3_Nk_MCl_MO17,3=50 PO3_Nk_MCl_MO17,4=129 PO3_Nk_MCl_MO17,5=130 PO3_Nk_MCl_MO17,6=200 PO3_Nk_MCl_MO17}",PO3_Nk_MCl_MO17_100,PO3_Nk_MCl_MO17_L,PO3_Nk_MCl_MO17_refid,"{0=10,1=15,2=40,3=50,4=129,5=130,6=200}",PO3_Nk_MCl_MO17_L
Tc_018,PO3_Nk_MCl_MO126,AB806SF8,REFLLCKIN9,L,100,CSE,,FALSE,"{0=10 PO3_Nk_MCl_MO126,1=15 PO3_Nk_MCl_MO126,2=40 PO3_Nk_MCl_MO126,3=50 PO3_Nk_MCl_MO126,4=129 PO3_Nk_MCl_MO126,5=130 PO3_Nk_MCl_MO126,6=200 PO3_Nk_MCl_MO126}",PO3_Nk_MCl_MO126_100,PO3_Nk_MCl_MO126_L,PO3_Nk_MCl_MO126_refid,"{0=10,1=15,2=40,3=50,4=129,5=130,6=200}",PO3_Nk_MCl_MO126_L
Tc_019,PO3_Nk_MCl_MO127,AB806SF8,TBBKLAKIN7,L,100,CSE,,FALSE,"{0=10 PO3_Nk_MCl_MO127,1=15 PO3_Nk_MCl_MO127,2=40 PO3_Nk_MCl_MO127,3=50 PO3_Nk_MCl_MO127,4=129 PO3_Nk_MCl_MO127,5=130 PO3_Nk_MCl_MO127,6=200 PO3_Nk_MCl_MO127}",PO3_Nk_MCl_MO127_100,PO3_Nk_MCl_MO127_L,PO3_Nk_MCl_MO127_refid,"{0=10,1=15,2=40,3=50,4=129,5=130,6=200}",PO3_Nk_MCl_MO127_L
Tc_020,PO16_NK_SCl_MO114,JJP246F8,69 NAVY-BOTTOM,S,200,CSE,,FALSE,"{0=10 PO16_NK_SCl_MO114,1=15 PO16_NK_SCl_MO114,2=100 PO16_NK_SCl_MO114,3=120 PO16_NK_SCl_MO114,4=125 PO16_NK_SCl_MO114,5=130,6=200 PO16_NK_SCl_MO114}",PO16_NK_SCl_MO114_200,PO16_NK_SCl_MO114_S,PO16_NK_SCl_MO114_refid,"{0=10,1=15,2=100,3=120,4=125,5=130,6=200}",PO16_NK_SCl_MO114_S
Tc_021,PO16_NK_SCl_MO115,JJP246F8,69 NAVY-BOTTOM,M,200,CSE,,FALSE,"{0=10 PO16_NK_SCl_MO115,1=15 PO16_NK_SCl_MO115,2=100 PO16_NK_SCl_MO115,3=120 PO16_NK_SCl_MO115,4=125 PO16_NK_SCl_MO115,5=130,6=200 PO16_NK_SCl_MO115}",PO16_NK_SCl_MO115_200,PO16_NK_SCl_MO115_M,PO16_NK_SCl_MO115_refid,"{0=10,1=15,2=100,3=120,4=125,5=130,6=200}",PO16_NK_SCl_MO115_M
Tc_022,PO16_NK_SC_MO116,JJP246F8,69 NAVY-BOTTOM,L,200,CSE,,FALSE,"{0=10 PO16_NK_SC_MO116,1=15 PO16_NK_SC_MO116,2=100 PO16_NK_SC_MO116,3=120 PO16_NK_SC_MO116,4=125 PO16_NK_SC_MO116,5=130,6=200 PO16_NK_SC_MO116}",PO16_NK_SC_MO116_200,PO16_NK_SC_MO116_L,PO16_NK_SC_MO116_refid,"{0=10,1=15,2=100,3=120,4=125,5=130,6=200}",PO16_NK_SC_MO116_L
Tc_023,PO16_NK_SC_MO117,JJP246F8,69 NAVY-BOTTOM,XL,200,CSE,,FALSE,"{0=10 PO16_NK_SC_MO117,1=15 PO16_NK_SC_MO117,2=100 PO16_NK_SC_MO117,3=120 PO16_NK_SC_MO117,4=125 PO16_NK_SC_MO117,5=130,6=200 PO16_NK_SC_MO117}",PO16_NK_SC_MO117_200,PO16_NK_SC_MO117_XL,PO16_NK_SC_MO117_refid,"{0=10,1=15,2=100,3=120,4=125,5=130,6=200}",PO16_NK_SC_MO117_XL
Tc_024,PO17_NK_SCl_MO118,JJP246F8,69 NAVY-BOTTOM,S,100,CSE,,FALSE,"{0=10 PO17_NK_SCl_MO118,1=15 PO17_NK_SCl_MO118,2=100 PO17_NK_SCl_MO118,3=120 PO17_NK_SCl_MO118,4=125 PO17_NK_SCl_MO118,5=130 PO17_NK_SCl_MO118,6=200 PO17_NK_SCl_MO118}",PO17_NK_SCl_MO118_100,PO17_NK_SCl_MO118_S,PO17_NK_SCl_MO118_refid,"{0=10,1=15,2=100,3=120,4=125,5=130,6=200}",PO17_NK_SCl_MO118_S
Tc_025,PO17_NK_SCl_MO119,JJP246F8,69 NAVY-BOTTOM,M,200,CSE,,FALSE,"{0=10 PO17_NK_SCl_MO119,1=15 PO17_NK_SCl_MO119,2=100 PO17_NK_SCl_MO119,3=120 PO17_NK_SCl_MO119,4=125 PO17_NK_SCl_MO119,5=130 PO17_NK_SCl_MO119,6=200 PO17_NK_SCl_MO119}",PO17_NK_SCl_MO119_200,PO17_NK_SCl_MO119_M,PO17_NK_SCl_MO119_refid,"{0=10,1=15,2=100,3=120,4=125,5=130,6=200}",PO17_NK_SCl_MO119_M
Tc_026,PO17_NK_SCl_MO120,JJP246F8,69 NAVY-BOTTOM,L,400,CSE,,FALSE,"{0=10 PO17_NK_SCl_MO120,1=15 PO17_NK_SCl_MO120,2=100 PO17_NK_SCl_MO120,3=120 PO17_NK_SCl_MO120,4=125 PO17_NK_SCl_MO120,5=130 PO17_NK_SCl_MO120,6=200 PO17_NK_SCl_MO120}",PO17_NK_SCl_MO120_400,PO17_NK_SCl_MO120_L,PO17_NK_SCl_MO120_refid,"{0=10,1=15,2=100,3=120,4=125,5=130,6=200}",PO17_NK_SCl_MO120_L
Tc_027,PO17_NK_SCl_MO121,JJP246F8,69 NAVY-BOTTOM,XL,600,CSE,,FALSE,"{0=10 PO17_NK_SCl_MO121,1=15 PO17_NK_SCl_MO121,2=100 PO17_NK_SCl_MO121,3=120 PO17_NK_SCl_MO121,4=125 PO17_NK_SCl_MO121,5=130 PO17_NK_SCl_MO121,6=200 PO17_NK_SCl_MO121}",PO17_NK_SCl_MO121_600,PO17_NK_SCl_MO121_XL,PO17_NK_SCl_MO121_refid,"{0=10,1=15,2=100,3=120,4=125,5=130,6=200}",PO17_NK_SCl_MO121_XL
Tc_028,PO18_NK_SCl_MO122,JJP246F8,69 NAVY-BOTTOM,S,120,CSE,,FALSE,"{0=10 PO18_NK_SCl_MO122,1=15 PO18_NK_SCl_MO122,2=100 PO18_NK_SCl_MO122,3=130 PO18_NK_SCl_MO122,4=200 PO18_NK_SCl_MO122}",PO18_NK_SCl_MO122_120,PO18_NK_SCl_MO122_S,PO18_NK_SCl_MO122_refid,"{0=10,1=15,2=100,3=130,4=200}",PO18_NK_SCl_MO122_S
Tc_029,PO18_NK_SCl_MO123,JJP246F8,69 NAVY-BOTTOM,M,70,CSE,,FALSE,"{0=10 PO18_NK_SCl_MO123,1=15 PO18_NK_SCl_MO123,2=100 PO18_NK_SCl_MO123,3=130 PO18_NK_SCl_MO123,4=200 PO18_NK_SCl_MO123}",PO18_NK_SCl_MO123_70,PO18_NK_SCl_MO123_M,PO18_NK_SCl_MO123_refid,"{0=10,1=15,2=100,3=130,4=200}",PO18_NK_SCl_MO123_M
Tc_030,PO18_NK_SCl_MO124,JJP246F8,69 NAVY-BOTTOM,L,90,CSE,,FALSE,"{0=10 PO18_NK_SCl_MO124,1=15 PO18_NK_SCl_MO124,2=100 PO18_NK_SCl_MO124,3=130 PO18_NK_SCl_MO124,4=200 PO18_NK_SCl_MO124}",PO18_NK_SCl_MO124_90,PO18_NK_SCl_MO124_L,PO18_NK_SCl_MO124_refid,"{0=10,1=15,2=100,3=130,4=200}",PO18_NK_SCl_MO124_L
Tc_031,PO18_NK_SCl_MO125,JJP246F8,69 NAVY-BOTTOM,XL,100,CSE,,FALSE,"{0=10 PO18_NK_SCl_MO125,1=15 PO18_NK_SCl_MO125,2=100 PO18_NK_SCl_MO125,3=130 PO18_NK_SCl_MO125,4=200 PO18_NK_SCl_MO125}",PO18_NK_SCl_MO125_100,PO18_NK_SCl_MO125_XL,PO18_NK_SCl_MO125_refid,"{0=10,1=15,2=100,3=130,4=200}",PO18_NK_SCl_MO125_XL
Tc_032,PO6_K_SCl_MO40,AC182SF8,WINETASTNG,L,400,CSE,,FALSE,"{0=10 PO6_K_SCl_MO40,1=15 PO6_K_SCl_MO40,2=100 PO6_K_SCl_MO40,3=120 PO6_K_SCl_MO40,4=125 PO6_K_SCl_MO40,5=130 PO6_K_SCl_MO40,6=200 PO6_K_SCl_MO40}",PO6_K_SCl_MO40_400,PO6_K_SCl_MO40_L,PO6_K_SCl_MO40_refid,"{0=10,1=15,2=100,3=120,4=125,5=130,6=200}",PO6_K_SCl_MO40_L
Tc_033,PO6_K_SCl_MO41,AC188SF8,WINETASTNG,L,400,CSE,,FALSE,"{0=10 PO6_K_SCl_MO41,1=15 PO6_K_SCl_MO41,2=40 PO6_K_SCl_MO41,3=50 PO6_K_SCl_MO41,4=100 PO6_K_SCl_MO41,5=130 PO6_K_SCl_MO416=200 PO6_K_SCl_MO41}",PO6_K_SCl_MO41_400,PO6_K_SCl_MO41_L,PO6_K_SCl_MO41_refid,"{0=10,1=15,2=40,3=50,4=100,5=130,6=200}",PO6_K_SCl_MO41_L
Tc_034,PO7_k_SCl_MO42,ACZ06SF8,BLAKA2,L,100,CSE,,FALSE,"{0=10 PO7_k_SCl_MO42,1=15 PO7_k_SCl_MO42,2=100 PO7_k_SCl_MO42,3=120 PO7_k_SCl_MO42,4=125 PO7_k_SCl_MO42,5=130 PO7_k_SCl_MO42,6=200 PO7_k_SCl_MO42}",PO7_k_SCl_MO42_100,PO7_k_SCl_MO42_L,PO7_k_SCl_MO42_refid,"{0=10,1=15,2=100,3=120,4=125,5=130,6=200}",PO7_k_SCl_MO42_L
Tc_035,PO7_k_SCl_MO43,ACZ06SF8,BLAKA2,M,100,CSE,,FALSE,"{0=10 PO7_k_SCl_MO43,1=15 PO7_k_SCl_MO43,2=100 PO7_k_SCl_MO43,3=120 PO7_k_SCl_MO43,4=125 PO7_k_SCl_MO43,5=130 PO7_k_SCl_MO43,6=200 PO7_k_SCl_MO43}",PO7_k_SCl_MO43_100,PO7_k_SCl_MO43_M,PO7_k_SCl_MO43_refid,"{0=10,1=15,2=100,3=120,4=125,5=130,6=200}",PO7_k_SCl_MO43_M
Tc_036,PO7_k_SCl_MO44,ACZ06SF8,BLAKA2,XXL,100,CSE,,FALSE,"{0=10 PO7_k_SCl_MO44,1=15 PO7_k_SCl_MO44,2=100 PO7_k_SCl_MO44,3=120 PO7_k_SCl_MO44,4=125 PO7_k_SCl_MO44,5=130 PO7_k_SCl_MO44,6=200 PO7_k_SCl_MO44}",PO7_k_SCl_MO44_100,PO7_k_SCl_MO44_XXL,PO7_k_SCl_MO44_refid,"{0=10,1=15,2=100,3=120,4=125,5=130,6=200}",PO7_k_SCl_MO44_XXL
Tc_037,PO7_k_SCl_MO45,AFL18SF8,BLAKA2,36,100,CSE,,FALSE,"{0=10 PO7_k_SCl_MO45,1=15 PO7_k_SCl_MO45,2=40 PO7_k_SCl_MO45,3=50 PO7_k_SCl_MO45,4=129 PO7_k_SCl_MO45,5=130 PO7_k_SCl_MO45,6=200 PO7_k_SCl_MO45}",PO7_k_SCl_MO45_100,PO7_k_SCl_MO45_36,PO7_k_SCl_MO45_refid,"{0=10,1=15,2=40,3=50,4=129,5=130,6=200}",PO7_k_SCl_MO45_36
Tc_038,PO7_k_SCl_MO46,AFL18SF8,BLAKA2,46,100,CSE,,FALSE,"{0=10 PO7_k_SCl_MO46,1=15 PO7_k_SCl_MO46,2=40 PO7_k_SCl_MO46,3=50 PO7_k_SCl_MO46,4=129 PO7_k_SCl_MO46,5=130 PO7_k_SCl_MO46,6=200 PO7_k_SCl_MO46}",PO7_k_SCl_MO46_100,PO7_k_SCl_MO46_46,PO7_k_SCl_MO46_refid,"{0=10,1=15,2=40,3=50,4=129,5=130,6=200}",PO7_k_SCl_MO46_46
Tc_039,PO7_k_SCl_MO47,AFL18SF8,BLAKA2,56,100,CSE,,FALSE,"{0=10 PO7_k_SCl_MO47,1=15 PO7_k_SCl_MO47,2=40 PO7_k_SCl_MO47,3=50 PO7_k_SCl_MO47,4=129 PO7_k_SCl_MO47,5=130 PO7_k_SCl_MO47,6=200 PO7_k_SCl_MO47}",PO7_k_SCl_MO47_100,PO7_k_SCl_MO47_56,PO7_k_SCl_MO47_refid,"{0=10,1=15,2=40,3=50,4=129,5=130,6=200}",PO7_k_SCl_MO47_56
Tc_040,PO7_k_SCl_MO48,AHL18SF8,BLAKA2,32,100,CSE,,FALSE,"{0=10 PO7_k_SCl_MO48,1=15 PO7_k_SCl_MO48,2=100 PO7_k_SCl_MO48,3=130 PO7_k_SCl_MO48,4=200 PO7_k_SCl_MO48}",PO7_k_SCl_MO48_100,PO7_k_SCl_MO48_32,PO7_k_SCl_MO48_refid,"{0=10,1=15,2=100,3=130,4=200}",PO7_k_SCl_MO48_32
Tc_041,PO7_k_SCl_MO49,AHL18SF8,BLAKA2,42,100,CSE,,FALSE,"{0=10 PO7_k_SCl_MO49,1=15 PO7_k_SCl_MO49,2=100 PO7_k_SCl_MO49,3=130 PO7_k_SCl_MO49,4=200 PO7_k_SCl_MO49}",PO7_k_SCl_MO49_100,PO7_k_SCl_MO49_42,PO7_k_SCl_MO49_refid,"{0=10,1=15,2=100,3=130,4=200}",PO7_k_SCl_MO49_42
Tc_042,PO7_k_SCl_MO50,AHL18SF8,BLAKA2,52,100,CSE,,FALSE,"{0=10 PO7_k_SCl_MO50,1=15 PO7_k_SCl_MO50,2=100 PO7_k_SCl_MO50,3=130 PO7_k_SCl_MO50,4=200 PO7_k_SCl_MO50}",PO7_k_SCl_MO50_100,PO7_k_SCl_MO50_52,PO7_k_SCl_MO50_refid,"{0=10,1=15,2=100,3=130,4=200}",PO7_k_SCl_MO50_52
Tc_043,PO8_k_SCl_MO50,ABZ06SS8,TRBLC : TURBULE,L,100,CSE,,FALSE,"{0=10 PO8_k_SCl_MO50,1=15 PO8_k_SCl_MO50,2=100 PO8_k_SCl_MO50,3=130 PO8_k_SCl_MO50,4=200 PO8_k_SCl_MO50}",PO8_k_SCl_MO50_100,PO8_k_SCl_MO50_L,PO8_k_SCl_MO50_refid,"{0=10,1=15,2=100,3=130,4=200}",PO8_k_SCl_MO50_L
Tc_044,PO8_k_SCl_MO51,ABZ06SS8,TRBLC : TURBULE,M,100,CSE,,FALSE,"{0=10 PO8_k_SCl_MO51,1=15 PO8_k_SCl_MO51,2=100 PO8_k_SCl_MO51,3=130 PO8_k_SCl_MO51,4=200 PO8_k_SCl_MO51}",PO8_k_SCl_MO51_100,PO8_k_SCl_MO51_M,PO8_k_SCl_MO51_refid,"{0=10,1=15,2=100,3=130,4=200}",PO8_k_SCl_MO51_M
Tc_045,PO8_k_SCl_MO52,ABZ06SS8,TRBLC : TURBULE,S,100,CSE,,FALSE,"{0=10 PO8_k_SCl_MO52,1=15 PO8_k_SCl_MO52,2=100 PO8_k_SCl_MO52,3=130 PO8_k_SCl_MO52,4=200 PO8_k_SCl_MO52}",PO8_k_SCl_MO52_100,PO8_k_SCl_MO52_S,PO8_k_SCl_MO52_refid,"{0=10,1=15,2=100,3=130,4=200}",PO8_k_SCl_MO52_S
Tc_046,PO8_k_SCl_MO53,ABZ06SS8,TRBLC : TURBULE,XXL,100,CSE,,FALSE,"{0=10 PO8_k_SCl_MO53,1=15 PO8_k_SCl_MO53,2=100 PO8_k_SCl_MO53,3=130 PO8_k_SCl_MO53,4=200 PO8_k_SCl_MO53}",PO8_k_SCl_MO53_100,PO8_k_SCl_MO53_XXL,PO8_k_SCl_MO53_refid,"{0=10,1=15,2=100,3=130,4=200}",PO8_k_SCl_MO53_XXL
Tc_047,PO8_k_SCl_MO54,AHL18SF8,TRBLC : TURBULE,32,200,CSE,,FALSE,"{0=10 PO8_k_SCl_MO54,1=15 PO8_k_SCl_MO542=100 PO8_k_SCl_MO543=120 PO8_k_SCl_MO544=125 PO8_k_SCl_MO54,5=130 PO8_k_SCl_MO54,6=200 PO8_k_SCl_MO54}",PO8_k_SCl_MO54_200,PO8_k_SCl_MO54_32,PO8_k_SCl_MO54_refid,"{0=10,1=15,2=100,3=120,4=125,5=130,6=200}",PO8_k_SCl_MO54_32
Tc_048,PO8_k_SCl_MO55,AHL18SF8,TRBLC : TURBULE,34,200,CSE,,FALSE,"{0=10 PO8_k_SCl_MO55,1=15 PO8_k_SCl_MO552=100 PO8_k_SCl_MO553=120 PO8_k_SCl_MO554=125 PO8_k_SCl_MO55,5=130 PO8_k_SCl_MO55,6=200 PO8_k_SCl_MO55}",PO8_k_SCl_MO55_200,PO8_k_SCl_MO55_34,PO8_k_SCl_MO55_refid,"{0=10,1=15,2=100,3=120,4=125,5=130,6=200}",PO8_k_SCl_MO55_34
Tc_049,PO8_k_SCl_MO56,AHL18SF8,TRBLC : TURBULE,36,200,CSE,,FALSE,"{0=10 PO8_k_SCl_MO56,1=15 PO8_k_SCl_MO562=100 PO8_k_SCl_MO563=120 PO8_k_SCl_MO564=125 PO8_k_SCl_MO56,5=130 PO8_k_SCl_MO56,6=200 PO8_k_SCl_MO56}",PO8_k_SCl_MO56_200,PO8_k_SCl_MO56_36,PO8_k_SCl_MO56_refid,"{0=10,1=15,2=100,3=120,4=125,5=130,6=200}",PO8_k_SCl_MO56_36
Tc_050,PO8_k_SCl_MO57,AHL18SF8,TRBLC : TURBULE,46,200,CSE,,FALSE,"{0=10 PO8_k_SCl_MO57,1=15 PO8_k_SCl_MO572=100 PO8_k_SCl_MO573=120 PO8_k_SCl_MO574=125 PO8_k_SCl_MO57,5=130 PO8_k_SCl_MO57,6=200 PO8_k_SCl_MO57}",PO8_k_SCl_MO57_200,PO8_k_SCl_MO57_46,PO8_k_SCl_MO57_refid,"{0=10,1=15,2=100,3=120,4=125,5=130,6=200}",PO8_k_SCl_MO57_46
Tc_051,PO9_K_SCl_MO66,AC182SF8,NAVYBNV,36,210,CSE,,FALSE,"{0=10 PO9_K_SCl_MO66,1=15 PO9_K_SCl_MO66,2=100 PO9_K_SCl_MO66,3=130 PO9_K_SCl_MO66,4=200 PO9_K_SCl_MO66}",PO9_K_SCl_MO66_210,PO9_K_SCl_MO66_36,PO9_K_SCl_MO66_refid,"{0=10,1=15,2=100,3=130,4=200}",PO9_K_SCl_MO66_36
Tc_052,PO9_K_SCl_MO67,AC182SF8,NAVYBNV,37,210,CSE,,FALSE,"{0=10 PO9_K_SCl_MO67,1=15 PO9_K_SCl_MO67,2=100 PO9_K_SCl_MO67,3=130 PO9_K_SCl_MO67,4=200 PO9_K_SCl_MO67}",PO9_K_SCl_MO67_210,PO9_K_SCl_MO67_37,PO9_K_SCl_MO67_refid,"{0=10,1=15,2=100,3=130,4=200}",PO9_K_SCl_MO67_37
Tc_053,PO9_K_SCl_MO68,AC182SF8,NAVYBNV,38,210,CSE,,FALSE,"{0=10 PO9_K_SCl_MO68,1=15 PO9_K_SCl_MO68,2=100 PO9_K_SCl_MO68,3=130 PO9_K_SCl_MO68,4=200 PO9_K_SCl_MO68}",PO9_K_SCl_MO68_210,PO9_K_SCl_MO68_38,PO9_K_SCl_MO68_refid,"{0=10,1=15,2=100,3=130,4=200}",PO9_K_SCl_MO68_38
Tc_054,PO9_K_SCl_MO69,AC182SF8,NAVYBNV,39,210,CSE,,FALSE,"{0=10 PO9_K_SCl_MO69,1=15 PO9_K_SCl_MO69,2=100 PO9_K_SCl_MO69,3=130 PO9_K_SCl_MO69,4=200 PO9_K_SCl_MO69}",PO9_K_SCl_MO69_210,PO9_K_SCl_MO69_39,PO9_K_SCl_MO69_refid,"{0=10,1=15,2=100,3=130,4=200}",PO9_K_SCl_MO69_39
Tc_055,PO9_K_SCl_MO70,AC188SF8,NAVYBNV,36,210,CSE,,FALSE,"{0=10 PO9_K_SCl_MO70,1=15 PO9_K_SCl_MO70,2=100 PO9_K_SCl_MO70,3=120 PO9_K_SCl_MO70,4=125 PO9_K_SCl_MO70,5=130 PO9_K_SCl_MO70,6=200 PO9_K_SCl_MO70}",PO9_K_SCl_MO70_210,PO9_K_SCl_MO70_36,PO9_K_SCl_MO70_refid,"{0=10,1=15,2=100,3=120,4=125,5=130,6=200}",PO9_K_SCl_MO70_36
Tc_056,PO9_K_SCl_MO71,AC188SF8,NAVYBNV,37,210,CSE,,FALSE,"{0=10 PO9_K_SCl_MO71,1=15 PO9_K_SCl_MO71,2=100 PO9_K_SCl_MO71,3=120 PO9_K_SCl_MO71,4=125 PO9_K_SCl_MO71,5=130 PO9_K_SCl_MO71,6=200 PO9_K_SCl_MO71}",PO9_K_SCl_MO71_210,PO9_K_SCl_MO71_37,PO9_K_SCl_MO71_refid,"{0=10,1=15,2=100,3=120,4=125,5=130,6=200}",PO9_K_SCl_MO71_37
Tc_057,PO9_K_SCl_MO72,AC188SF8,NAVYBNV,38,210,CSE,,FALSE,"{0=10 PO9_K_SCl_MO72,1=15 PO9_K_SCl_MO72,2=100 PO9_K_SCl_MO72,3=120 PO9_K_SCl_MO72,4=125 PO9_K_SCl_MO72,5=130 PO9_K_SCl_MO72,6=200 PO9_K_SCl_MO72}",PO9_K_SCl_MO72_210,PO9_K_SCl_MO72_38,PO9_K_SCl_MO72_refid,"{0=10,1=15,2=100,3=120,4=125,5=130,6=200}",PO9_K_SCl_MO72_38
Tc_058,PO9_K_SCl_MO73,AC188SF8,NAVYBNV,39,210,CSE,,FALSE,"{0=10 PO9_K_SCl_MO73,1=15 PO9_K_SCl_MO73,2=100 PO9_K_SCl_MO73,3=120 PO9_K_SCl_MO73,4=125 PO9_K_SCl_MO73,5=130 PO9_K_SCl_MO73,6=200 PO9_K_SCl_MO73}",PO9_K_SCl_MO73_210,PO9_K_SCl_MO73_39,PO9_K_SCl_MO73_refid,"{0=10,1=15,2=100,3=120,4=125,5=130,6=200}",PO9_K_SCl_MO73_39
Tc_059,PO10_K_SCl_MO58,AZZ04SF8,NATBLBLUE,XS,120,CSE,,FALSE,"{0=10 PO10_K_SCl_MO58,1=15 PO10_K_SCl_MO582=100 PO10_K_SCl_MO583=130 PO10_K_SCl_MO584=200 PO10_K_SCl_MO58}",PO10_K_SCl_MO58_120,PO10_K_SCl_MO58_XS,PO10_K_SCl_MO58_refid,"{0=10,1=15,2=100,3=130,4=200}",PO10_K_SCl_MO58_XS
Tc_060,PO10_K_SCl_MO59,AZZ04SF8,NATBLBLUE,S,200,CSE,,FALSE,"{0=10 PO10_K_SCl_MO59,1=15 PO10_K_SCl_MO592=100 PO10_K_SCl_MO593=130 PO10_K_SCl_MO594=200 PO10_K_SCl_MO59}",PO10_K_SCl_MO59_200,PO10_K_SCl_MO59_S,PO10_K_SCl_MO59_refid,"{0=10,1=15,2=100,3=130,4=200}",PO10_K_SCl_MO59_S
Tc_061,PO10_K_SCl_MO60,AZZ04SF8,NATBLBLUE,M,300,CSE,,FALSE,"{0=10 PO10_K_SCl_MO60,1=15 PO10_K_SCl_MO602=100 PO10_K_SCl_MO603=130 PO10_K_SCl_MO604=200 PO10_K_SCl_MO60}",PO10_K_SCl_MO60_300,PO10_K_SCl_MO60_M,PO10_K_SCl_MO60_refid,"{0=10,1=15,2=100,3=130,4=200}",PO10_K_SCl_MO60_M
Tc_062,PO10_K_SCl_MO61,AZZ04SF8,NATBLBLUE,L,220,CSE,,FALSE,"{0=10 PO10_K_SCl_MO61,1=15 PO10_K_SCl_MO612=100 PO10_K_SCl_MO613=130 PO10_K_SCl_MO614=200 PO10_K_SCl_MO61}",PO10_K_SCl_MO61_220,PO10_K_SCl_MO61_L,PO10_K_SCl_MO61_refid,"{0=10,1=15,2=100,3=130,4=200}",PO10_K_SCl_MO61_L
Tc_063,PO10_K_SCl_MO62,AZZ06SF8,NATBLBLUE,XS,60,CSE,,FALSE,"{0=10 PO10_K_SCl_MO62,1=15 PO10_K_SCl_MO62,2=100 PO10_K_SCl_MO62,3=120 PO10_K_SCl_MO62,4=125 PO10_K_SCl_MO62,5=130 PO10_K_SCl_MO62,6=200 PO10_K_SCl_MO62}",PO10_K_SCl_MO62_60,PO10_K_SCl_MO62_XS,PO10_K_SCl_MO62_refid,"{0=10,1=15,2=100,3=120,4=125,5=130,6=200}",PO10_K_SCl_MO62_XS
Tc_064,PO10_K_SCl_MO63,AZZ06SF8,NATBLBLUE,S,100,CSE,,FALSE,"{0=10 PO10_K_SCl_MO63,1=15 PO10_K_SCl_MO63,2=100 PO10_K_SCl_MO63,3=120 PO10_K_SCl_MO63,4=125 PO10_K_SCl_MO63,5=130 PO10_K_SCl_MO63,6=200 PO10_K_SCl_MO63}",PO10_K_SCl_MO63_100,PO10_K_SCl_MO63_S,PO10_K_SCl_MO63_refid,"{0=10,1=15,2=100,3=120,4=125,5=130,6=200}",PO10_K_SCl_MO63_S
Tc_065,PO10_K_SCl_MO64,AZZ06SF8,NATBLBLUE,M,150,CSE,,FALSE,"{0=10 PO10_K_SCl_MO64,1=15 PO10_K_SCl_MO64,2=100 PO10_K_SCl_MO64,3=120 PO10_K_SCl_MO64,4=125 PO10_K_SCl_MO64,5=130 PO10_K_SCl_MO64,6=200 PO10_K_SCl_MO64}",PO10_K_SCl_MO64_150,PO10_K_SCl_MO64_M,PO10_K_SCl_MO64_refid,"{0=10,1=15,2=100,3=120,4=125,5=130,6=200}",PO10_K_SCl_MO64_M
Tc_066,PO10_K_SCl_MO65,AZZ06SF8,NATBLBLUE,L,110,CSE,,FALSE,"{0=10 PO10_K_SCl_MO65,1=15 PO10_K_SCl_MO65,2=100 PO10_K_SCl_MO65,3=120 PO10_K_SCl_MO65,4=125 PO10_K_SCl_MO65,5=130 PO10_K_SCl_MO65,6=200 PO10_K_SCl_MO65}",PO10_K_SCl_MO65_110,PO10_K_SCl_MO65_L,PO10_K_SCl_MO65_refid,"{0=10,1=15,2=100,3=120,4=125,5=130,6=200}",PO10_K_SCl_MO65_L
Tc_067,PO5_K_MCl_MO30,JJP316F8,01OFFWH,L,120,CSE,,FALSE,"{0=10 PO5_K_MCl_MO30,1=15 PO5_K_MCl_MO30,2=100 PO5_K_MCl_MO30,3=130 PO5_K_MCl_MO30,4=200 PO5_K_MCl_MO30}",PO5_K_MCl_MO30_120,PO5_K_MCl_MO30_L,PO5_K_MCl_MO30_refid,"{0=10,1=15,2=100,3=130,4=200}",PO5_K_MCl_MO30_L
Tc_068,PO5_K_MCl_MO31,JJP316F8,01OFFWH,M,140,CSE,,FALSE,"{0=10 PO5_K_MCl_MO31,1=15 PO5_K_MCl_MO31,2=100 PO5_K_MCl_MO31,3=130 PO5_K_MCl_MO31,4=200 PO5_K_MCl_MO31}",PO5_K_MCl_MO31_140,PO5_K_MCl_MO31_M,PO5_K_MCl_MO31_refid,"{0=10,1=15,2=100,3=130,4=200}",PO5_K_MCl_MO31_M
Tc_069,PO5_K_MCl_MO32,JJP316F8,01OFFWH,S,150,CSE,,FALSE,"{0=10 PO5_K_MCl_MO32,1=15 PO5_K_MCl_MO32,2=100 PO5_K_MCl_MO32,3=130 PO5_K_MCl_MO32,4=200 PO5_K_MCl_MO32}",PO5_K_MCl_MO32_150,PO5_K_MCl_MO32_S,PO5_K_MCl_MO32_refid,"{0=10,1=15,2=100,3=130,4=200}",PO5_K_MCl_MO32_S
Tc_070,PO5_K_MCl_MO33,JJP316F8,01OFFWH,XL,200,CSE,,FALSE,"{0=10 PO5_K_MCl_MO33,1=15 PO5_K_MCl_MO33,2=100 PO5_K_MCl_MO33,3=130 PO5_K_MCl_MO33,4=200 PO5_K_MCl_MO33}",PO5_K_MCl_MO33_200,PO5_K_MCl_MO33_XL,PO5_K_MCl_MO33_refid,"{0=10,1=15,2=100,3=130,4=200}",PO5_K_MCl_MO33_XL
Tc_071,PO5_K_MCl_MO34,JJP316F8,01OFFWH,XS,300,CSE,,FALSE,"{0=10 PO5_K_MCl_MO34,1=15 PO5_K_MCl_MO34,2=100 PO5_K_MCl_MO34,3=130 PO5_K_MCl_MO34,4=200 PO5_K_MCl_MO34}",PO5_K_MCl_MO34_300,PO5_K_MCl_MO34_XS,PO5_K_MCl_MO34_refid,"{0=10,1=15,2=100,3=130,4=200}",PO5_K_MCl_MO34_XS
Tc_072,PO5_K_MCl_MO35,JJP398H8,69 NAVY-BOTTOM,L,120,CSE,,FALSE,"{0=10 PO5_K_MCl_MO35,1=15 PO5_K_MCl_MO35,2=100 PO5_K_MCl_MO35,3=120 PO5_K_MCl_MO35,4=125 PO5_K_MCl_MO35,5=130 PO5_K_MCl_MO35,6=200 PO5_K_MCl_MO35}",PO5_K_MCl_MO35_120,PO5_K_MCl_MO35_L,PO5_K_MCl_MO35_refid,"{0=10,1=15,2=100,3=120,4=125,5=130,6=200}",PO5_K_MCl_MO35_L
Tc_073,PO5_K_MCl_MO36,JJP398H8,69 NAVY-BOTTOM,M,140,CSE,,FALSE,"{0=10 PO5_K_MCl_MO36,1=15 PO5_K_MCl_MO36,2=100 PO5_K_MCl_MO36,3=120 PO5_K_MCl_MO36,4=125 PO5_K_MCl_MO36,5=130 PO5_K_MCl_MO36,6=200 PO5_K_MCl_MO36}",PO5_K_MCl_MO36_140,PO5_K_MCl_MO36_M,PO5_K_MCl_MO36_refid,"{0=10,1=15,2=100,3=120,4=125,5=130,6=200}",PO5_K_MCl_MO36_M
Tc_074,PO5_K_MCl_MO37,JJP398H8,69 NAVY-BOTTOM,S,150,CSE,,FALSE,"{0=10 PO5_K_MCl_MO37,1=15 PO5_K_MCl_MO37,2=100 PO5_K_MCl_MO37,3=120 PO5_K_MCl_MO37,4=125 PO5_K_MCl_MO37,5=130 PO5_K_MCl_MO37,6=200 PO5_K_MCl_MO37}",PO5_K_MCl_MO37_150,PO5_K_MCl_MO37_S,PO5_K_MCl_MO37_refid,"{0=10,1=15,2=100,3=120,4=125,5=130,6=200}",PO5_K_MCl_MO37_S
Tc_075,PO5_K_MCl_MO38,JJP398H8,69 NAVY-BOTTOM,XL,200,CSE,,FALSE,"{0=10 PO5_K_MCl_MO38,1=15 PO5_K_MCl_MO38,2=100 PO5_K_MCl_MO38,3=120 PO5_K_MCl_MO38,4=125 PO5_K_MCl_MO38,5=130 PO5_K_MCl_MO38,6=200 PO5_K_MCl_MO38}",PO5_K_MCl_MO38_200,PO5_K_MCl_MO38_XL,PO5_K_MCl_MO38_refid,"{0=10,1=15,2=100,3=120,4=125,5=130,6=200}",PO5_K_MCl_MO38_XL
Tc_076,PO5_K_MCl_MO39,JJP398H8,69 NAVY-BOTTOM,XS,300,CSE,,FALSE,"{0=10 PO5_K_MCl_MO39,1=15 PO5_K_MCl_MO39,2=100 PO5_K_MCl_MO39,3=120 PO5_K_MCl_MO39,4=125 PO5_K_MCl_MO39,5=130 PO5_K_MCl_MO39,6=200 PO5_K_MCl_MO39}",PO5_K_MCl_MO39_300,PO5_K_MCl_MO39_XS,PO5_K_MCl_MO39_refid,"{0=10,1=15,2=100,3=120,4=125,5=130,6=200}",PO5_K_MCl_MO39_XS
Tc_077,PO11_K_MCl_MO74,JJP336F8,01OFFWH,L,100,CSE,,FALSE,"{0=10 PO11_K_MCl_MO74,1=15 PO11_K_MCl_MO74,2=100 PO11_K_MCl_MO74,3=130 PO11_K_MCl_MO74,4=200 PO11_K_MCl_MO74}",PO11_K_MCl_MO74_100,PO11_K_MCl_MO74_L,PO11_K_MCl_MO74_refid,"{0=10,1=15,2=100,3=30,4=200}",PO11_K_MCl_MO74_L
Tc_078,PO11_K_MCl_MO75,JJP336F8,01OFFWH,M,100,CSE,,FALSE,"{0=10 PO11_K_MCl_MO75,1=15 PO11_K_MCl_MO75,2=100 PO11_K_MCl_MO75,3=130 PO11_K_MCl_MO75,4=200 PO11_K_MCl_MO75}",PO11_K_MCl_MO75_100,PO11_K_MCl_MO75_M,PO11_K_MCl_MO75_refid,"{0=10,1=15,2=100,3=30,4=200}",PO11_K_MCl_MO75_M
Tc_079,PO11_K_MCl_MO76,JJP336F8,01OFFWH,S,100,CSE,,FALSE,"{0=10 PO11_K_MCl_MO76,1=15 PO11_K_MCl_MO76,2=100 PO11_K_MCl_MO76,3=130 PO11_K_MCl_MO76,4=200 PO11_K_MCl_MO76}",PO11_K_MCl_MO76_100,PO11_K_MCl_MO76_S,PO11_K_MCl_MO76_refid,"{0=10,1=15,2=100,3=30,4=200}",PO11_K_MCl_MO76_S
Tc_080,PO11_K_MCl_MO77,JJP336F8,01OFFWH,XL,100,CSE,,FALSE,"{0=10 PO11_K_MCl_MO77,1=15 PO11_K_MCl_MO77,2=100 PO11_K_MCl_MO77,3=130 PO11_K_MCl_MO77,4=200 PO11_K_MCl_MO77}",PO11_K_MCl_MO77_100,PO11_K_MCl_MO77_XL,PO11_K_MCl_MO77_refid,"{0=10,1=15,2=100,3=30,4=200}",PO11_K_MCl_MO77_XL
Tc_081,PO11_K_MCl_MO78,JJP336F8,01OFFWH,XS,100,CSE,,FALSE,"{0=10 PO11_K_MCl_MO78,1=15 PO11_K_MCl_MO78,2=100 PO11_K_MCl_MO78,3=130 PO11_K_MCl_MO78,4=200 PO11_K_MCl_MO78}",PO11_K_MCl_MO78_100,PO11_K_MCl_MO78_XS,PO11_K_MCl_MO78_refid,"{0=10,1=15,2=100,3=30,4=200}",PO11_K_MCl_MO78_XS
Tc_082,PO11_K_MCl_MO79,JJP236F8,69 NAVY-BOTTOM,32,100,CSE,,FALSE,"{0=10 PO11_K_MCl_MO79,1=15 PO11_K_MCl_MO79,2=100 PO11_K_MCl_MO79,3=120 PO11_K_MCl_MO79,4=125 PO11_K_MCl_MO79,5=130 PO11_K_MCl_MO79,6=200 PO11_K_MCl_MO79}",PO11_K_MCl_MO79_100,PO11_K_MCl_MO79_32,PO11_K_MCl_MO79_refid,"{0=10,1=15,2=100,3=120,4=125,5=130,6=200}",PO11_K_MCl_MO79_32
Tc_083,PO11_K_MCl_MO80,JJP236F8,69 NAVY-BOTTOM,42,100,CSE,,FALSE,"{0=10 PO11_K_MCl_MO80,1=15 PO11_K_MCl_MO80,2=100 PO11_K_MCl_MO80,3=120 PO11_K_MCl_MO80,4=125 PO11_K_MCl_MO80,5=130 PO11_K_MCl_MO80,6=200 PO11_K_MCl_MO80}",PO11_K_MCl_MO80_100,PO11_K_MCl_MO80_42,PO11_K_MCl_MO80_refid,"{0=10,1=15,2=100,3=120,4=125,5=130,6=200}",PO11_K_MCl_MO80_42
Tc_084,PO11_K_MCl_MO81,JJP236F8,69 NAVY-BOTTOM,52,100,CSE,,FALSE,"{0=10 PO11_K_MCl_MO81,1=15 PO11_K_MCl_MO81,2=100 PO11_K_MCl_MO81,3=120 PO11_K_MCl_MO81,4=125 PO11_K_MCl_MO81,5=130 PO11_K_MCl_MO81,6=200 PO11_K_MCl_MO81}",PO11_K_MCl_MO81_100,PO11_K_MCl_MO81_52,PO11_K_MCl_MO81_refid,"{0=10,1=15,2=100,3=120,4=125,5=130,6=200}",PO11_K_MCl_MO81_52
Tc_085,PO11_K_MCl_MO82,JJP236F8,69 NAVY-BOTTOM,62,100,CSE,,FALSE,"{0=10 PO11_K_MCl_MO82,1=15 PO11_K_MCl_MO82,2=100 PO11_K_MCl_MO82,3=120 PO11_K_MCl_MO82,4=125 PO11_K_MCl_MO82,5=130 PO11_K_MCl_MO82,6=200 PO11_K_MCl_MO82}",PO11_K_MCl_MO82_100,PO11_K_MCl_MO82_62,PO11_K_MCl_MO82_refid,"{0=10,1=15,2=100,3=120,4=125,5=130,6=200}",PO11_K_MCl_MO82_62
Tc_086,PO11_K_MCl_MO83,JJP236F8,69 NAVY-BOTTOM,72,100,CSE,,FALSE,"{0=10 PO11_K_MCl_MO83,1=15 PO11_K_MCl_MO83,2=100 PO11_K_MCl_MO83,3=120 PO11_K_MCl_MO83,4=125 PO11_K_MCl_MO83,5=130 PO11_K_MCl_MO83,6=200 PO11_K_MCl_MO83}",PO11_K_MCl_MO83_100,PO11_K_MCl_MO83_72,PO11_K_MCl_MO83_refid,"{0=10,1=15,2=100,3=120,4=125,5=130,6=200}",PO11_K_MCl_MO83_72
Tc_087,PO12_K_MCl_MO84,JJP306F8,01OFFWH,L,120,CSE,,FALSE,"{0=10 PO12_K_MCl_MO84,1=15 PO12_K_MCl_MO842=100 PO12_K_MCl_MO843=130 PO12_K_MCl_MO844=200 PO12_K_MCl_MO84}",PO12_K_MCl_MO84_120,PO12_K_MCl_MO84_L,PO12_K_MCl_MO84_refid,"{0=10,1=15,2=100,3=130,4=200}",PO12_K_MCl_MO84_L
Tc_088,PO12_K_MCl_MO85,JJP306F8,01OFFWH,M,140,CSE,,FALSE,"{0=10 PO12_K_MCl_MO85,1=15 PO12_K_MCl_MO852=100 PO12_K_MCl_MO853=130 PO12_K_MCl_MO854=200 PO12_K_MCl_MO85}",PO12_K_MCl_MO85_140,PO12_K_MCl_MO85_M,PO12_K_MCl_MO85_refid,"{0=10,1=15,2=100,3=130,4=200}",PO12_K_MCl_MO85_M
Tc_089,PO12_K_MCl_MO86,JJP306F8,01OFFWH,S,150,CSE,,FALSE,"{0=10 PO12_K_MCl_MO86,1=15 PO12_K_MCl_MO862=100 PO12_K_MCl_MO863=130 PO12_K_MCl_MO864=200 PO12_K_MCl_MO86}",PO12_K_MCl_MO86_150,PO12_K_MCl_MO86_S,PO12_K_MCl_MO86_refid,"{0=10,1=15,2=100,3=130,4=200}",PO12_K_MCl_MO86_S
Tc_090,PO12_K_MCl_MO87,JJP306F8,01OFFWH,XL,200,CSE,,FALSE,"{0=10 PO12_K_MCl_MO87,1=15 PO12_K_MCl_MO872=100 PO12_K_MCl_MO873=130 PO12_K_MCl_MO874=200 PO12_K_MCl_MO87}",PO12_K_MCl_MO87_200,PO12_K_MCl_MO87_XL,PO12_K_MCl_MO87_refid,"{0=10,1=15,2=100,3=130,4=200}",PO12_K_MCl_MO87_XL
Tc_091,PO12_K_MCl_MO88,JJP306F8,01OFFWH,XS,300,CSE,,FALSE,"{0=10 PO12_K_MCl_MO88,1=15 PO12_K_MCl_MO882=100 PO12_K_MCl_MO883=130 PO12_K_MCl_MO884=200 PO12_K_MCl_MO88}",PO12_K_MCl_MO88_300,PO12_K_MCl_MO88_XS,PO12_K_MCl_MO88_refid,"{0=10,1=15,2=100,3=130,4=200}",PO12_K_MCl_MO88_XS
Tc_092,PO12_K_MCl_MO89,JJP198H8,69 NAVY-BOTTOM,L,240,CSE,,FALSE,"{0=10 PO12_K_MCl_MO89,1=15 PO12_K_MCl_MO89,2=100 PO12_K_MCl_MO89,3=120 PO12_K_MCl_MO89,4=125 PO12_K_MCl_MO89,5=130 PO12_K_MCl_MO89,6=200 PO12_K_MCl_MO89}",PO12_K_MCl_MO89_240,PO12_K_MCl_MO89_L,PO12_K_MCl_MO89_refid,"{0=10,1=15,2=100,3=120,4=125,5=130,6=200}",PO12_K_MCl_MO89_L
Tc_093,PO12_K_MCl_MO90,JJP198H8,69 NAVY-BOTTOM,M,280,CSE,,FALSE,"{0=10 PO12_K_MCl_MO90,1=15 PO12_K_MCl_MO90,2=100 PO12_K_MCl_MO90,3=120 PO12_K_MCl_MO90,4=125 PO12_K_MCl_MO90,5=130 PO12_K_MCl_MO90,6=200 PO12_K_MCl_MO90}",PO12_K_MCl_MO90_280,PO12_K_MCl_MO90_M,PO12_K_MCl_MO90_refid,"{0=10,1=15,2=100,3=120,4=125,5=130,6=200}",PO12_K_MCl_MO90_M
Tc_094,PO12_K_MCl_MO91,JJP198H8,69 NAVY-BOTTOM,S,300,CSE,,FALSE,"{0=10 PO12_K_MCl_MO91,1=15 PO12_K_MCl_MO91,2=100 PO12_K_MCl_MO91,3=120 PO12_K_MCl_MO91,4=125 PO12_K_MCl_MO91,5=130 PO12_K_MCl_MO91,6=200 PO12_K_MCl_MO91}",PO12_K_MCl_MO91_300,PO12_K_MCl_MO91_S,PO12_K_MCl_MO91_refid,"{0=10,1=15,2=100,3=120,4=125,5=130,6=200}",PO12_K_MCl_MO91_S
Tc_095,PO12_K_MCl_MO92,JJP198H8,69 NAVY-BOTTOM,XL,400,CSE,,FALSE,"{0=10 PO12_K_MCl_MO92,1=15 PO12_K_MCl_MO92,2=100 PO12_K_MCl_MO92,3=120 PO12_K_MCl_MO92,4=125 PO12_K_MCl_MO92,5=130 PO12_K_MCl_MO92,6=200 PO12_K_MCl_MO92}",PO12_K_MCl_MO92_400,PO12_K_MCl_MO92_XL,PO12_K_MCl_MO92_refid,"{0=10,1=15,2=100,3=120,4=125,5=130,6=200}",PO12_K_MCl_MO92_XL
Tc_096,PO12_K_MCl_MO93,JJP198H8,69 NAVY-TOP,XS,600,CSE,,FALSE,"{0=10 PO12_K_MCl_MO93,1=15 PO12_K_MCl_MO93,2=100 PO12_K_MCl_MO93,3=120 PO12_K_MCl_MO93,4=125 PO12_K_MCl_MO93,5=130 PO12_K_MCl_MO93,6=200 PO12_K_MCl_MO93}",PO12_K_MCl_MO93_600,PO12_K_MCl_MO93_XS,PO12_K_MCl_MO93_refid,"{0=10,1=15,2=100,3=120,4=125,5=130,6=200}",PO12_K_MCl_MO93_XS
Tc_097,PO13_K_MCl_MO94,JJP2906F8,01OFFWH,S,100,CSE,,FALSE,"{0=10 PO13_K_MCl_MO94,1=15 PO13_K_MCl_MO94,2=100 PO13_K_MCl_MO94,3=130 PO13_K_MCl_MO94,4=200 PO13_K_MCl_MO94}",PO13_K_MCl_MO94_100,PO13_K_MCl_MO94_S,PO13_K_MCl_MO94_refid,"{0=10,1=15,2=100,3=130,4=200}",PO13_K_MCl_MO94_S
Tc_098,PO13_K_MCl_MO95,JJP2906F8,69 NAVY-BOTTOM,M,100,CSE,,FALSE,"{0=10 PO13_K_MCl_MO95,1=15 PO13_K_MCl_MO95,2=100 PO13_K_MCl_MO95,3=130 PO13_K_MCl_MO95,4=200 PO13_K_MCl_MO95}",PO13_K_MCl_MO95_100,PO13_K_MCl_MO95_M,PO13_K_MCl_MO95_refid,"{0=10,1=15,2=100,3=130,4=200}",PO13_K_MCl_MO95_M
Tc_099,PO13_K_MCl_MO96,JJP2906F8,69 NAVY-TOP,L,100,CSE,,FALSE,"{0=10 PO13_K_MCl_MO96,1=15 PO13_K_MCl_MO96,2=100 PO13_K_MCl_MO96,3=130 PO13_K_MCl_MO96,4=200 PO13_K_MCl_MO96}",PO13_K_MCl_MO96_100,PO13_K_MCl_MO96_L,PO13_K_MCl_MO96_refid,"{0=10,1=15,2=100,3=130,4=200}",PO13_K_MCl_MO96_L
Tc_100,PO13_K_MCl_MO97,JJP2806F8,BLACK,M,100,CSE,,FALSE,"{0=10 PO13_K_MCl_MO97,1=15 PO13_K_MCl_MO97,2=40 PO13_K_MCl_MO97,3=50 PO13_K_MCl_MO97,4=129 PO13_K_MCl_MO97,5=130 PO13_K_MCl_MO97,6=200 PO13_K_MCl_MO97}",PO13_K_MCl_MO97_100,PO13_K_MCl_MO97_M,PO13_K_MCl_MO97_refid,"{0=10,1=15,2=40,3=50,4=129,5=130,6=200}",PO13_K_MCl_MO97_M
Tc_101,PO13_K_MCl_MO98,JJP2806F8,WHITE,L,100,CSE,,FALSE,"{0=10 PO13_K_MCl_MO98,1=15 PO13_K_MCl_MO98,2=40 PO13_K_MCl_MO98,3=50 PO13_K_MCl_MO98,4=129 PO13_K_MCl_MO98,5=130 PO13_K_MCl_MO98,6=200 PO13_K_MCl_MO98}",PO13_K_MCl_MO98_100,PO13_K_MCl_MO98_L,PO13_K_MCl_MO98_refid,"{0=10,1=15,2=40,3=50,4=129,5=130,6=200}",PO13_K_MCl_MO98_L
Tc_102,PO13_K_MCl_MO99,JJP2706F8,BLACK,M,100,CSE,,FALSE,"{0=10 PO13_K_MCl_MO99,1=15 PO13_K_MCl_MO99,2=100 PO13_K_MCl_MO99,3=130 PO13_K_MCl_MO99,4=200 PO13_K_MCl_MO99}",PO13_K_MCl_MO99_100,PO13_K_MCl_MO99_M,PO13_K_MCl_MO99_refid,"{0=10,1=15,2=100,3=130,4=200}",PO13_K_MCl_MO99_M
Tc_103,PO13_K_MCl_MO100,JJP2706F8,WHITE,L,100,CSE,,FALSE,"{0=10 PO13_K_MCl_MO100,1=15 PO13_K_MCl_MO100,2=100 PO13_K_MCl_MO100,3=130 PO13_K_MCl_MO100,4=200 PO13_K_MCl_MO100}",PO13_K_MCl_MO100_100,PO13_K_MCl_MO100_L,PO13_K_MCl_MO100_refid,"{0=10,1=15,2=100,3=130,4=200}",PO13_K_MCl_MO100_L
