TestCase_Id,mo_number,style,color_name,size_name,mo_quantity,omsMoOperations01,product_sku1,material_item_code1,material_mo_unique_ref_id1,omsMoOperations02,material_item_code02
Tc_001,PO1_Nk_MC_MO1,AB804SF8,DBBKACKIN6,S,100,"{0=10 PO1_Nk_MC_MO1, 1=15 PO1_Nk_MC_MO1, 2=100 PO1_Nk_MC_MO1, 3=130 PO1_Nk_MC_MO1, 4=200 PO1_Nk_MC_MO1}",PO1_Nk_MC_MO1_100,{0=PO1_Nk_MC_MO1_S},{0=PO1_Nk_MC_MO1_refid},"{0=10, 1=15, 2=100, 3=900, 4=130, 5=200}",{0=PO1_Nk_MC_MO1_S}
Tc_002,PO1_NK_MC_MO2,AB804SF8,REFLLCKIN9,S,200,"{0=10 PO1_NK_MC_MO2, 1=15 PO1_NK_MC_MO2, 2=100 PO1_NK_MC_MO2, 3=130 PO1_NK_MC_MO2, 4=200 PO1_NK_MC_MO2}",PO1_NK_MC_MO2_200,{0=PO1_NK_MC_MO2_S},{0=PO1_NK_MC_MO2_refid},"{0=10, 1=15, 2=100, 3=900, 4=130, 5=200}",{0=PO1_NK_MC_MO2_S}
Tc_003,PO1_NK_MC_MO3,AB804SF8,TBBKLAKIN7,S,100,"{0=10 PO1_NK_MC_MO3, 1=15 PO1_NK_MC_MO3, 2=100 PO1_NK_MC_MO3, 3=130 PO1_NK_MC_MO3, 4=200 PO1_NK_MC_MO3}",PO1_NK_MC_MO3_100,{0=PO1_NK_MC_MO3_S},{0=PO1_NK_MC_MO3_refid},"{0=10, 1=15, 2=100, 3=900, 4=130, 5=200}",{0=PO1_NK_MC_MO3_S}
Tc_004,PO1_NK_MC_MO4,AB804SF8,DBBKACKIN6,M,200,"{0=10 PO1_NK_MC_MO4, 1=15 PO1_NK_MC_MO4, 2=100 PO1_NK_MC_MO4, 3=130 PO1_NK_MC_MO4, 4=200 PO1_NK_MC_MO4}",PO1_NK_MC_MO4_200,{0=PO1_NK_MC_MO4_M},{0=PO1_NK_MC_MO4_refid},"{0=10, 1=15, 2=100, 3=900, 4=130, 5=200}",{0=PO1_NK_MC_MO4_M}
Tc_005,PO1_NK_MC_MO5,AB804SF8,REFLLCKIN9,M,400,"{0=10 PO1_NK_MC_MO5, 1=15 PO1_NK_MC_MO5, 2=100 PO1_NK_MC_MO5, 3=130 PO1_NK_MC_MO5, 4=200 PO1_NK_MC_MO5}",PO1_NK_MC_MO5_400,{0=PO1_NK_MC_MO5_M},{0=PO1_NK_MC_MO5_refid},"{0=10, 1=15, 2=100, 3=900, 4=130, 5=200}",{0=PO1_NK_MC_MO5_M}
Tc_006,PO1_Nk_MC_MO6,AB804SF8,TBBKLAKIN7,M,200,"{0=10 PO1_Nk_MC_MO6, 1=15 PO1_Nk_MC_MO6, 2=100 PO1_Nk_MC_MO6, 3=130 PO1_Nk_MC_MO6, 4=200 PO1_Nk_MC_MO6}",PO1_Nk_MC_MO6_200,{0=PO1_Nk_MC_MO6_M},{0=PO1_Nk_MC_MO6_refid},"{0=10, 1=15, 2=100, 3=900, 4=130, 5=200}",{0=PO1_Nk_MC_MO6_M}
Tc_007,PO1_Nk_MC_MO7,AB804SF8,DBBKACKIN6,L,200,"{0=10 PO1_Nk_MC_MO7, 1=15 PO1_Nk_MC_MO7, 2=100 PO1_Nk_MC_MO7, 3=130 PO1_Nk_MC_MO7, 4=200 PO1_Nk_MC_MO7}",PO1_Nk_MC_MO7_200,{0=PO1_Nk_MC_MO7_L},{0=PO1_Nk_MC_MO7_refid},"{0=10, 1=15, 2=100, 3=900, 4=130, 5=200}",{0=PO1_Nk_MC_MO7_L}
Tc_008,PO1_Nk_MC_MO8,AB804SF8,REFLLCKIN9,L,400,"{0=10 PO1_Nk_MC_MO8, 1=15 PO1_Nk_MC_MO8, 2=100 PO1_Nk_MC_MO8, 3=130 PO1_Nk_MC_MO8, 4=200 PO1_Nk_MC_MO8}",PO1_Nk_MC_MO8_400,{0=PO1_Nk_MC_MO8_L},{0=PO1_Nk_MC_MO8_refid},"{0=10, 1=15, 2=100, 3=900, 4=130, 5=200}",{0=PO1_Nk_MC_MO8_L}
Tc_009,PO1_Nk_MC_MO9,AB804SF8,TBBKLAKIN7,L,200,"{0=10 PO1_Nk_MC_MO9, 1=15 PO1_Nk_MC_MO9, 2=100 PO1_Nk_MC_MO9, 3=130 PO1_Nk_MC_MO9, 4=200 PO1_Nk_MC_MO9}",PO1_Nk_MC_MO9_200,{0=PO1_Nk_MC_MO9_L},{0=PO1_Nk_MC_MO9_refid},"{0=10, 1=15, 2=100, 3=900, 4=130, 5=200}",{0=PO1_Nk_MC_MO9_L}
Tc_010,PO1_Nk_MC_MO10,AB804SF8,DBBKACKIN6,XL,300,"{0=10 PO1_Nk_MC_MO10, 1=15 PO1_Nk_MC_MO10, 2=100 PO1_Nk_MC_MO10, 3=130 PO1_Nk_MC_MO10, 4=200 PO1_Nk_MC_MO10}",PO1_Nk_MC_MO10_300,{0=PO1_Nk_MC_MO10_XL},{0=PO1_Nk_MC_MO10_refid},"{0=10, 1=15, 2=100, 3=900, 4=130, 5=200}",{0=PO1_Nk_MC_MO10_XL}
Tc_011,PO1_Nk_MC_MO11,AB804SF8,REFLLCKIN9,XL,600,"{0=10 PO1_Nk_MC_MO11, 1=15 PO1_Nk_MC_MO11, 2=100 PO1_Nk_MC_MO11, 3=130 PO1_Nk_MC_MO11, 4=200 PO1_Nk_MC_MO11}",PO1_Nk_MC_MO11_600,{0=PO1_Nk_MC_MO11_XL},{0=PO1_Nk_MC_MO11_refid},"{0=10, 1=15, 2=100, 3=900, 4=130, 5=200}",{0=PO1_Nk_MC_MO11_XL}
Tc_012,PO1_Nk_MC_MO12,AB804SF8,TBBKLAKIN7,XL,300,"{0=10 PO1_Nk_MC_MO12, 1=15 PO1_Nk_MC_MO12, 2=100 PO1_Nk_MC_MO12, 3=130 PO1_Nk_MC_MO12, 4=200 PO1_Nk_MC_MO12}",PO1_Nk_MC_MO12_300,{0=PO1_Nk_MC_MO12_XL},{0=PO1_Nk_MC_MO12_refid},"{0=10, 1=15, 2=100, 3=900, 4=130, 5=200}",{0=PO1_Nk_MC_MO12_XL}
Tc_013,PO1_Nk_MC_MO13,AB804SF8,REFLLCKIN9,XXL,500,"{0=10 PO1_Nk_MC_MO13, 1=15 PO1_Nk_MC_MO13, 2=100 PO1_Nk_MC_MO13, 3=130 PO1_Nk_MC_MO13, 4=200 PO1_Nk_MC_MO13}",PO1_Nk_MC_MO13_500,{0=PO1_Nk_MC_MO13_XXL},{0=PO1_Nk_MC_MO13_refid},"{0=10, 1=15, 2=100, 3=900, 4=130, 5=200}",{0=PO1_Nk_MC_MO13_XXL}
Tc_014,PO2_Nk_MC_MO14,ABZ04SS8,BLKBLACKA,L,100,"{0=10 PO2_Nk_MC_MO14, 1=15 PO2_Nk_MC_MO14, 2=100 PO2_Nk_MC_MO14, 3=130 PO2_Nk_MC_MO14, 4=200 PO2_Nk_MC_MO14}",PO2_Nk_MC_MO14_100,{0=PO2_Nk_MC_MO14_L},{0=PO2_Nk_MC_MO14_refid},"{0=10, 1=15, 2=100, 3=900, 4=130, 5=200}",{0=PO2_Nk_MC_MO14_L}
Tc_015,PO2_Nk_MC_MO15,ABZ04SS8,DRBLUBLU,L,200,"{0=10 PO2_Nk_MC_MO15, 1=15 PO2_Nk_MC_MO15, 2=100 PO2_Nk_MC_MO15, 3=130 PO2_Nk_MC_MO15, 4=200 PO2_Nk_MC_MO15}",PO2_Nk_MC_MO15_200,{0=PO2_Nk_MC_MO15_L},{0=PO2_Nk_MC_MO15_refid},"{0=10, 1=15, 2=100, 3=900, 4=130, 5=200}",{0=PO2_Nk_MC_MO15_L}
Tc_016,PO2_Nk_MC_MO16,ABZ04SS8,TBBKLAKIN7,L,400,"{0=10 PO2_Nk_MC_MO16, 1=15 PO2_Nk_MC_MO16, 2=100 PO2_Nk_MC_MO16, 3=130 PO2_Nk_MC_MO16, 4=200 PO2_Nk_MC_MO16}",PO2_Nk_MC_MO16_400,{0=PO2_Nk_MC_MO16_L},{0=PO2_Nk_MC_MO16_refid},"{0=10, 1=15, 2=100, 3=900, 4=130, 5=200}",{0=PO2_Nk_MC_MO16_L}
Tc_017,PO3_Nk_MC_MO17,AB806SF8,BLCKLAIN10,L,100,"{0=10 PO3_Nk_MC_MO17, 1=15 PO3_Nk_MC_MO17, 2=100 PO3_Nk_MC_MO17, 3=130 PO3_Nk_MC_MO17, 4=200 PO3_Nk_MC_MO17}",PO3_Nk_MC_MO17_100,{0=PO3_Nk_MC_MO17_L},{0=PO3_Nk_MC_MO17_refid},"{0=10, 1=15, 2=100, 3=900, 4=130, 5=200}",{0=PO3_Nk_MC_MO17_L}
Tc_018,PO3_Nk_MC_MO126,AB806SF8,REFLLCKIN9,L,100,"{0=10 PO3_Nk_MC_MO126, 1=15 PO3_Nk_MC_MO126, 2=100 PO3_Nk_MC_MO126, 3=130 PO3_Nk_MC_MO126, 4=200 PO3_Nk_MC_MO126}",PO3_Nk_MC_MO126_100,{0=PO3_Nk_MC_MO126_L},{0=PO3_Nk_MC_MO126_refid},"{0=10, 1=15, 2=100, 3=900, 4=130, 5=200}",{0=PO3_Nk_MC_MO126_L}
Tc_019,PO3_Nk_MC_MO127,AB806SF8,TBBKLAKIN7,L,100,"{0=10 PO3_Nk_MC_MO127, 1=15 PO3_Nk_MC_MO127, 2=100 PO3_Nk_MC_MO127, 3=130 PO3_Nk_MC_MO127, 4=200 PO3_Nk_MC_MO127}",PO3_Nk_MC_MO127_100,{0=PO3_Nk_MC_MO127_L},{0=PO3_Nk_MC_MO127_refid},"{0=10, 1=15, 2=100, 3=900, 4=130, 5=200}",{0=PO3_Nk_MC_MO127_L}
Tc_020,PO4_Nk_MC_MO18,JOS316F8,01OFFWH,L,50,"{0=10 PO4_Nk_MC_MO18, 1=15 PO4_Nk_MC_MO18, 2=100 PO4_Nk_MC_MO18, 3=130 PO4_Nk_MC_MO18, 4=200 PO4_Nk_MC_MO18}",PO4_Nk_MC_MO18_50,{0=PO4_Nk_MC_MO18_L},{0=PO4_Nk_MC_MO18_refid},"{0=10, 1=15, 2=100, 3=900, 4=130, 5=200}",{0=PO4_Nk_MC_MO18_L}
Tc_021,PO4_Nk_MC_MO19,JOS316F8,01OFFWH,M,220,"{0=10 PO4_Nk_MC_MO19, 1=15 PO4_Nk_MC_MO19, 2=100 PO4_Nk_MC_MO19, 3=130 PO4_Nk_MC_MO19, 4=200 PO4_Nk_MC_MO19}",PO4_Nk_MC_MO19_220,{0=PO4_Nk_MC_MO19_M},{0=PO4_Nk_MC_MO19_refid},"{0=10, 1=15, 2=100, 3=900, 4=130, 5=200}",{0=PO4_Nk_MC_MO19_M}
Tc_022,PO4_Nk_MC_MO20,JOS316F8,01OFFWH,S,300,"{0=10 PO4_Nk_MC_MO20, 1=15 PO4_Nk_MC_MO20, 2=100 PO4_Nk_MC_MO20, 3=130 PO4_Nk_MC_MO20, 4=200 PO4_Nk_MC_MO20}",PO4_Nk_MC_MO20_300,{0=PO4_Nk_MC_MO20_S},{0=PO4_Nk_MC_MO20_refid},"{0=10, 1=15, 2=100, 3=900, 4=130, 5=200}",{0=PO4_Nk_MC_MO20_S}
Tc_023,PO4_Nk_MC_MO21,JOS316F8,01OFFWH,XL,300,"{0=10 PO4_Nk_MC_MO21, 1=15 PO4_Nk_MC_MO21, 2=100 PO4_Nk_MC_MO21, 3=130 PO4_Nk_MC_MO21, 4=200 PO4_Nk_MC_MO21}",PO4_Nk_MC_MO21_300,{0=PO4_Nk_MC_MO21_XL},{0=PO4_Nk_MC_MO21_refid},"{0=10, 1=15, 2=100, 3=900, 4=130, 5=200}",{0=PO4_Nk_MC_MO21_XL}
Tc_024,PO4_Nk_MC_MO22,JOS316F8,69BOTTOM,L,100,"{0=10 PO4_Nk_MC_MO22, 1=15 PO4_Nk_MC_MO22, 2=100 PO4_Nk_MC_MO22, 3=130 PO4_Nk_MC_MO22, 4=200 PO4_Nk_MC_MO22}",PO4_Nk_MC_MO22_100,{0=PO4_Nk_MC_MO22_L},{0=PO4_Nk_MC_MO22_refid},"{0=10, 1=15, 2=100, 3=900, 4=130, 5=200}",{0=PO4_Nk_MC_MO22_L}
Tc_025,PO4_Nk_MC_MO23,JOS316F8,69BOTTOM,M,200,"{0=10 PO4_Nk_MC_MO23, 1=15 PO4_Nk_MC_MO23, 2=100 PO4_Nk_MC_MO23, 3=130 PO4_Nk_MC_MO23, 4=200 PO4_Nk_MC_MO23}",PO4_Nk_MC_MO23_200,{0=PO4_Nk_MC_MO23_M},{0=PO4_Nk_MC_MO23_refid},"{0=10, 1=15, 2=100, 3=900, 4=130, 5=200}",{0=PO4_Nk_MC_MO23_M}
Tc_026,PO4_Nk_MC_MO24,JOS316F8,69BOTTOM,S,200,"{0=10 PO4_Nk_MC_MO24, 1=15 PO4_Nk_MC_MO24, 2=100 PO4_Nk_MC_MO24, 3=130 PO4_Nk_MC_MO24, 4=200 PO4_Nk_MC_MO24}",PO4_Nk_MC_MO24_200,{0=PO4_Nk_MC_MO24_S},{0=PO4_Nk_MC_MO24_refid},"{0=10, 1=15, 2=100, 3=900, 4=130, 5=200}",{0=PO4_Nk_MC_MO24_S}
Tc_027,PO4_Nk_MC_MO25,JOS316F8,69BOTTOM,XL,400,"{0=10 PO4_Nk_MC_MO25, 1=15 PO4_Nk_MC_MO25, 2=100 PO4_Nk_MC_MO25, 3=130 PO4_Nk_MC_MO25, 4=200 PO4_Nk_MC_MO25}",PO4_Nk_MC_MO25_400,{0=PO4_Nk_MC_MO25_XL},{0=PO4_Nk_MC_MO25_refid},"{0=10, 1=15, 2=100, 3=900, 4=130, 5=200}",{0=PO4_Nk_MC_MO25_XL}
Tc_028,PO4_Nk_MC_MO26,JOS316F8,01TARBT,L,120,"{0=10 PO4_Nk_MC_MO26, 1=15 PO4_Nk_MC_MO26, 2=100 PO4_Nk_MC_MO26, 3=130 PO4_Nk_MC_MO26, 4=200 PO4_Nk_MC_MO26}",PO4_Nk_MC_MO26_120,{0=PO4_Nk_MC_MO26_L},{0=PO4_Nk_MC_MO26_refid},"{0=10, 1=15, 2=100, 3=900, 4=130, 5=200}",{0=PO4_Nk_MC_MO26_L}
Tc_029,PO4_Nk_MC_MO27,JOS316F8,01TARBT,M,400,"{0=10 PO4_Nk_MC_MO27, 1=15 PO4_Nk_MC_MO27, 2=100 PO4_Nk_MC_MO27, 3=130 PO4_Nk_MC_MO27, 4=200 PO4_Nk_MC_MO27}",PO4_Nk_MC_MO27_400,{0=PO4_Nk_MC_MO27_M},{0=PO4_Nk_MC_MO27_refid},"{0=10, 1=15, 2=100, 3=900, 4=130, 5=200}",{0=PO4_Nk_MC_MO27_M}
Tc_030,PO4_Nk_MC_MO28,JOS316F8,01TARBT,S,300,"{0=10 PO4_Nk_MC_MO28, 1=15 PO4_Nk_MC_MO28, 2=100 PO4_Nk_MC_MO28, 3=130 PO4_Nk_MC_MO28, 4=200 PO4_Nk_MC_MO28}",PO4_Nk_MC_MO28_300,{0=PO4_Nk_MC_MO28_S},{0=PO4_Nk_MC_MO28_refid},"{0=10, 1=15, 2=100, 3=900, 4=130, 5=200}",{0=PO4_Nk_MC_MO28_S}
Tc_031,PO4_Nk_MC_MO29,JOS316F8,01TARBT,XL,300,"{0=10 PO4_Nk_MC_MO29, 1=15 PO4_Nk_MC_MO29, 2=100 PO4_Nk_MC_MO29, 3=130 PO4_Nk_MC_MO29, 4=200 PO4_Nk_MC_MO29}",PO4_Nk_MC_MO29_300,{0=PO4_Nk_MC_MO29_XL},{0=PO4_Nk_MC_MO29_refid},"{0=10, 1=15, 2=100, 3=900, 4=130, 5=200}",{0=PO4_Nk_MC_MO29_XL}
Tc_032,PO6_K_SC_MO40,AC182SF8,WINETASTNG,L,400,"{0=10 PO6_K_SC_MO40, 1=15 PO6_K_SC_MO40, 2=100 PO6_K_SC_MO40, 3=130 PO6_K_SC_MO40, 4=200 PO6_K_SC_MO40}",PO6_K_SC_MO40_400,{0=PO6_K_SC_MO40_L},{0=PO6_K_SC_MO40_refid},"{0=10, 1=15, 2=100, 3=900, 4=130, 5=200}",{0=PO6_K_SC_MO40_L}
Tc_033,PO6_K_SC_MO41,AC188SF8,WINETASTNG,L,400,"{0=10 PO6_K_SC_MO41, 1=15 PO6_K_SC_MO41, 2=100 PO6_K_SC_MO41, 3=130 PO6_K_SC_MO41, 4=200 PO6_K_SC_MO41}",PO6_K_SC_MO41_400,{0=PO6_K_SC_MO41_L},{0=PO6_K_SC_MO41_refid},"{0=10, 1=15, 2=100, 3=900, 4=130, 5=200}",{0=PO6_K_SC_MO41_L}
Tc_034,PO7_k_SC_MO42,ACZ06SF8,BLAKA2,L,100,"{0=10 PO7_k_SC_MO42, 1=15 PO7_k_SC_MO42, 2=100 PO7_k_SC_MO42, 3=130 PO7_k_SC_MO42, 4=200 PO7_k_SC_MO42}",PO7_k_SC_MO42_100,{0=PO7_k_SC_MO42_L},{0=PO7_k_SC_MO42_refid},"{0=10, 1=15, 2=100, 3=900, 4=130, 5=200}",{0=PO7_k_SC_MO42_L}
Tc_035,PO7_k_SC_MO43,ACZ06SF8,BLAKA2,M,100,"{0=10 PO7_k_SC_MO43, 1=15 PO7_k_SC_MO43, 2=100 PO7_k_SC_MO43, 3=130 PO7_k_SC_MO43, 4=200 PO7_k_SC_MO43}",PO7_k_SC_MO43_100,{0=PO7_k_SC_MO43_M},{0=PO7_k_SC_MO43_refid},"{0=10, 1=15, 2=100, 3=900, 4=130, 5=200}",{0=PO7_k_SC_MO43_M}
Tc_036,PO7_k_SC_MO44,ACZ06SF8,BLAKA2,XXL,100,"{0=10 PO7_k_SC_MO44, 1=15 PO7_k_SC_MO44, 2=100 PO7_k_SC_MO44, 3=130 PO7_k_SC_MO44, 4=200 PO7_k_SC_MO44}",PO7_k_SC_MO44_100,{0=PO7_k_SC_MO44_XXL},{0=PO7_k_SC_MO44_refid},"{0=10, 1=15, 2=100, 3=900, 4=130, 5=200}",{0=PO7_k_SC_MO44_XXL}
Tc_037,PO7_k_SC_MO45,AFL18SF8,BLAKA2,36,100,"{0=10 PO7_k_SC_MO45, 1=15 PO7_k_SC_MO45, 2=100 PO7_k_SC_MO45, 3=130 PO7_k_SC_MO45, 4=200 PO7_k_SC_MO45}",PO7_k_SC_MO45_100,{0=PO7_k_SC_MO45_36},{0=PO7_k_SC_MO45_refid},"{0=10, 1=15, 2=100, 3=900, 4=130, 5=200}",{0=PO7_k_SC_MO45_36}
Tc_038,PO7_k_SC_MO46,AFL18SF8,BLAKA2,46,100,"{0=10 PO7_k_SC_MO46, 1=15 PO7_k_SC_MO46, 2=100 PO7_k_SC_MO46, 3=130 PO7_k_SC_MO46, 4=200 PO7_k_SC_MO46}",PO7_k_SC_MO46_100,{0=PO7_k_SC_MO46_46},{0=PO7_k_SC_MO46_refid},"{0=10, 1=15, 2=100, 3=900, 4=130, 5=200}",{0=PO7_k_SC_MO46_46}
Tc_039,PO7_k_SC_MO47,AFL18SF8,BLAKA2,56,100,"{0=10 PO7_k_SC_MO47, 1=15 PO7_k_SC_MO47, 2=100 PO7_k_SC_MO47, 3=130 PO7_k_SC_MO47, 4=200 PO7_k_SC_MO47}",PO7_k_SC_MO47_100,{0=PO7_k_SC_MO47_56},{0=PO7_k_SC_MO47_refid},"{0=10, 1=15, 2=100, 3=900, 4=130, 5=200}",{0=PO7_k_SC_MO47_56}
Tc_040,PO7_k_SC_MO48,AHL18SF8,BLAKA2,32,100,"{0=10 PO7_k_SC_MO48, 1=15 PO7_k_SC_MO48, 2=100 PO7_k_SC_MO48, 3=130 PO7_k_SC_MO48, 4=200 PO7_k_SC_MO48}",PO7_k_SC_MO48_100,{0=PO7_k_SC_MO48_32},{0=PO7_k_SC_MO48_refid},"{0=10, 1=15, 2=100, 3=900, 4=130, 5=200}",{0=PO7_k_SC_MO48_32}
Tc_041,PO7_k_SC_MO49,AHL18SF8,BLAKA2,42,100,"{0=10 PO7_k_SC_MO49, 1=15 PO7_k_SC_MO49, 2=100 PO7_k_SC_MO49, 3=130 PO7_k_SC_MO49, 4=200 PO7_k_SC_MO49}",PO7_k_SC_MO49_100,{0=PO7_k_SC_MO49_42},{0=PO7_k_SC_MO49_refid},"{0=10, 1=15, 2=100, 3=900, 4=130, 5=200}",{0=PO7_k_SC_MO49_42}
Tc_042,PO7_k_SC_MO50,AHL18SF8,BLAKA2,52,100,"{0=10 PO7_k_SC_MO50, 1=15 PO7_k_SC_MO50, 2=100 PO7_k_SC_MO50, 3=130 PO7_k_SC_MO50, 4=200 PO7_k_SC_MO50}",PO7_k_SC_MO50_100,{0=PO7_k_SC_MO50_52},{0=PO7_k_SC_MO50_refid},"{0=10, 1=15, 2=100, 3=900, 4=130, 5=200}",{0=PO7_k_SC_MO50_52}
Tc_043,PO8_k_SC_MO50,ABZ06SS8,TRBLC : TURBULE,L,100,"{0=10 PO8_k_SC_MO50, 1=15 PO8_k_SC_MO50, 2=100 PO8_k_SC_MO50, 3=130 PO8_k_SC_MO50, 4=200 PO8_k_SC_MO50}",PO8_k_SC_MO50_100,{0=PO8_k_SC_MO50_L},{0=PO8_k_SC_MO50_refid},"{0=10, 1=15, 2=100, 3=900, 4=130, 5=200}",{0=PO8_k_SC_MO50_L}
Tc_044,PO8_k_SC_MO51,ABZ06SS8,TRBLC : TURBULE,M,100,"{0=10 PO8_k_SC_MO51, 1=15 PO8_k_SC_MO51, 2=100 PO8_k_SC_MO51, 3=130 PO8_k_SC_MO51, 4=200 PO8_k_SC_MO51}",PO8_k_SC_MO51_100,{0=PO8_k_SC_MO51_M},{0=PO8_k_SC_MO51_refid},"{0=10, 1=15, 2=100, 3=900, 4=130, 5=200}",{0=PO8_k_SC_MO51_M}
Tc_045,PO8_k_SC_MO52,ABZ06SS8,TRBLC : TURBULE,S,100,"{0=10 PO8_k_SC_MO52, 1=15 PO8_k_SC_MO52, 2=100 PO8_k_SC_MO52, 3=130 PO8_k_SC_MO52, 4=200 PO8_k_SC_MO52}",PO8_k_SC_MO52_100,{0=PO8_k_SC_MO52_S},{0=PO8_k_SC_MO52_refid},"{0=10, 1=15, 2=100, 3=900, 4=130, 5=200}",{0=PO8_k_SC_MO52_S}
Tc_046,PO8_k_SC_MO53,ABZ06SS8,TRBLC : TURBULE,XXL,100,"{0=10 PO8_k_SC_MO53, 1=15 PO8_k_SC_MO53, 2=100 PO8_k_SC_MO53, 3=130 PO8_k_SC_MO53, 4=200 PO8_k_SC_MO53}",PO8_k_SC_MO53_100,{0=PO8_k_SC_MO53_XXL},{0=PO8_k_SC_MO53_refid},"{0=10, 1=15, 2=100, 3=900, 4=130, 5=200}",{0=PO8_k_SC_MO53_XXL}
Tc_047,PO8_k_SC_MO54,AHL18SF8,TRBLC : TURBULE,32,200,"{0=10 PO8_k_SC_MO54, 1=15 PO8_k_SC_MO54, 2=100 PO8_k_SC_MO54, 3=130 PO8_k_SC_MO54, 4=200 PO8_k_SC_MO54}",PO8_k_SC_MO54_200,{0=PO8_k_SC_MO54_32},{0=PO8_k_SC_MO54_refid},"{0=10, 1=15, 2=100, 3=900, 4=130, 5=200}",{0=PO8_k_SC_MO54_32}
Tc_048,PO8_k_SC_MO55,AHL18SF8,TRBLC : TURBULE,34,200,"{0=10 PO8_k_SC_MO55, 1=15 PO8_k_SC_MO55, 2=100 PO8_k_SC_MO55, 3=130 PO8_k_SC_MO55, 4=200 PO8_k_SC_MO55}",PO8_k_SC_MO55_200,{0=PO8_k_SC_MO55_34},{0=PO8_k_SC_MO55_refid},"{0=10, 1=15, 2=100, 3=900, 4=130, 5=200}",{0=PO8_k_SC_MO55_34}
Tc_049,PO8_k_SC_MO56,AHL18SF8,TRBLC : TURBULE,36,200,"{0=10 PO8_k_SC_MO56, 1=15 PO8_k_SC_MO56, 2=100 PO8_k_SC_MO56, 3=130 PO8_k_SC_MO56, 4=200 PO8_k_SC_MO56}",PO8_k_SC_MO56_200,{0=PO8_k_SC_MO56_36},{0=PO8_k_SC_MO56_refid},"{0=10, 1=15, 2=100, 3=900, 4=130, 5=200}",{0=PO8_k_SC_MO56_36}
Tc_050,PO8_k_SC_MO57,AHL18SF8,TRBLC : TURBULE,46,200,"{0=10 PO8_k_SC_MO57, 1=15 PO8_k_SC_MO57, 2=100 PO8_k_SC_MO57, 3=130 PO8_k_SC_MO57, 4=200 PO8_k_SC_MO57}",PO8_k_SC_MO57_200,{0=PO8_k_SC_MO57_46},{0=PO8_k_SC_MO57_refid},"{0=10, 1=15, 2=100, 3=900, 4=130, 5=200}",{0=PO8_k_SC_MO57_46}
Tc_051,PO10_K_SC_MO58,AZZ04SF8,NATBLBLUE,XS,120,"{0=10 PO10_K_SC_MO58, 1=15 PO10_K_SC_MO58, 2=100 PO10_K_SC_MO58, 3=130 PO10_K_SC_MO58, 4=200 PO10_K_SC_MO58}",PO10_K_SC_MO58_120,{0=PO10_K_SC_MO58_XS},{0=PO10_K_SC_MO58_refid},"{0=10, 1=15, 2=100, 3=900, 4=130, 5=200}",{0=PO10_K_SC_MO58_XS}
Tc_052,PO10_K_SC_MO59,AZZ04SF8,NATBLBLUE,S,200,"{0=10 PO10_K_SC_MO59, 1=15 PO10_K_SC_MO59, 2=100 PO10_K_SC_MO59, 3=130 PO10_K_SC_MO59, 4=200 PO10_K_SC_MO59}",PO10_K_SC_MO59_200,{0=PO10_K_SC_MO59_S},{0=PO10_K_SC_MO59_refid},"{0=10, 1=15, 2=100, 3=900, 4=130, 5=200}",{0=PO10_K_SC_MO59_S}
Tc_053,PO10_K_SC_MO60,AZZ04SF8,NATBLBLUE,M,300,"{0=10 PO10_K_SC_MO60, 1=15 PO10_K_SC_MO60, 2=100 PO10_K_SC_MO60, 3=130 PO10_K_SC_MO60, 4=200 PO10_K_SC_MO60}",PO10_K_SC_MO60_300,{0=PO10_K_SC_MO60_M},{0=PO10_K_SC_MO60_refid},"{0=10, 1=15, 2=100, 3=900, 4=130, 5=200}",{0=PO10_K_SC_MO60_M}
Tc_054,PO10_K_SC_MO61,AZZ04SF8,NATBLBLUE,L,220,"{0=10 PO10_K_SC_MO61, 1=15 PO10_K_SC_MO61, 2=100 PO10_K_SC_MO61, 3=130 PO10_K_SC_MO61, 4=200 PO10_K_SC_MO61}",PO10_K_SC_MO61_220,{0=PO10_K_SC_MO61_L},{0=PO10_K_SC_MO61_refid},"{0=10, 1=15, 2=100, 3=900, 4=130, 5=200}",{0=PO10_K_SC_MO61_L}
Tc_055,PO10_K_SC_MO62,AZZ06SF8,NATBLBLUE,XS,60,"{0=10 PO10_K_SC_MO62, 1=15 PO10_K_SC_MO62, 2=100 PO10_K_SC_MO62, 3=130 PO10_K_SC_MO62, 4=200 PO10_K_SC_MO62}",PO10_K_SC_MO62_60,{0=PO10_K_SC_MO62_XS},{0=PO10_K_SC_MO62_refid},"{0=10, 1=15, 2=100, 3=900, 4=130, 5=200}",{0=PO10_K_SC_MO62_XS}
Tc_056,PO10_K_SC_MO63,AZZ06SF8,NATBLBLUE,S,100,"{0=10 PO10_K_SC_MO63, 1=15 PO10_K_SC_MO63, 2=100 PO10_K_SC_MO63, 3=130 PO10_K_SC_MO63, 4=200 PO10_K_SC_MO63}",PO10_K_SC_MO63_100,{0=PO10_K_SC_MO63_S},{0=PO10_K_SC_MO63_refid},"{0=10, 1=15, 2=100, 3=900, 4=130, 5=200}",{0=PO10_K_SC_MO63_S}
Tc_057,PO10_K_SC_MO64,AZZ06SF8,NATBLBLUE,M,150,"{0=10 PO10_K_SC_MO64, 1=15 PO10_K_SC_MO64, 2=100 PO10_K_SC_MO64, 3=130 PO10_K_SC_MO64, 4=200 PO10_K_SC_MO64}",PO10_K_SC_MO64_150,{0=PO10_K_SC_MO64_M},{0=PO10_K_SC_MO64_refid},"{0=10, 1=15, 2=100, 3=900, 4=130, 5=200}",{0=PO10_K_SC_MO64_M}
Tc_058,PO10_K_SC_MO65,AZZ06SF8,NATBLBLUE,L,110,"{0=10 PO10_K_SC_MO65, 1=15 PO10_K_SC_MO65, 2=100 PO10_K_SC_MO65, 3=130 PO10_K_SC_MO65, 4=200 PO10_K_SC_MO65}",PO10_K_SC_MO65_110,{0=PO10_K_SC_MO65_L},{0=PO10_K_SC_MO65_refid},"{0=10, 1=15, 2=100, 3=900, 4=130, 5=200}",{0=PO10_K_SC_MO65_L}
Tc_059,PO9_K_SC_MO66,AC182SF8,NAVYBNV,36,210,"{0=10 PO9_K_SC_MO66, 1=15 PO9_K_SC_MO66, 2=100 PO9_K_SC_MO66, 3=130 PO9_K_SC_MO66, 4=200 PO9_K_SC_MO66}",PO9_K_SC_MO66_210,{0=PO9_K_SC_MO66_36},{0=PO9_K_SC_MO66_refid},"{0=10, 1=15, 2=100, 3=900, 4=130, 5=200}",{0=PO9_K_SC_MO66_36}
Tc_060,PO9_K_SC_MO67,AC182SF8,NAVYBNV,37,210,"{0=10 PO9_K_SC_MO67, 1=15 PO9_K_SC_MO67, 2=100 PO9_K_SC_MO67, 3=130 PO9_K_SC_MO67, 4=200 PO9_K_SC_MO67}",PO9_K_SC_MO67_210,{0=PO9_K_SC_MO67_37},{0=PO9_K_SC_MO67_refid},"{0=10, 1=15, 2=100, 3=900, 4=130, 5=200}",{0=PO9_K_SC_MO67_37}
Tc_061,PO9_K_SC_MO68,AC182SF8,NAVYBNV,38,210,"{0=10 PO9_K_SC_MO68, 1=15 PO9_K_SC_MO68, 2=100 PO9_K_SC_MO68, 3=130 PO9_K_SC_MO68, 4=200 PO9_K_SC_MO68}",PO9_K_SC_MO68_210,{0=PO9_K_SC_MO68_38},{0=PO9_K_SC_MO68_refid},"{0=10, 1=15, 2=100, 3=900, 4=130, 5=200}",{0=PO9_K_SC_MO68_38}
Tc_062,PO9_K_SC_MO69,AC182SF8,NAVYBNV,39,210,"{0=10 PO9_K_SC_MO69, 1=15 PO9_K_SC_MO69, 2=100 PO9_K_SC_MO69, 3=130 PO9_K_SC_MO69, 4=200 PO9_K_SC_MO69}",PO9_K_SC_MO69_210,{0=PO9_K_SC_MO69_39},{0=PO9_K_SC_MO69_refid},"{0=10, 1=15, 2=100, 3=900, 4=130, 5=200}",{0=PO9_K_SC_MO69_39}
Tc_063,PO9_K_SC_MO70,AC188SF8,NAVYBNV,36,210,"{0=10 PO9_K_SC_MO70, 1=15 PO9_K_SC_MO70, 2=100 PO9_K_SC_MO70, 3=130 PO9_K_SC_MO70, 4=200 PO9_K_SC_MO70}",PO9_K_SC_MO70_210,{0=PO9_K_SC_MO70_36},{0=PO9_K_SC_MO70_refid},"{0=10, 1=15, 2=100, 3=900, 4=130, 5=200}",{0=PO9_K_SC_MO70_36}
Tc_064,PO9_K_SC_MO71,AC188SF8,NAVYBNV,37,210,"{0=10 PO9_K_SC_MO71, 1=15 PO9_K_SC_MO71, 2=100 PO9_K_SC_MO71, 3=130 PO9_K_SC_MO71, 4=200 PO9_K_SC_MO71}",PO9_K_SC_MO71_210,{0=PO9_K_SC_MO71_37},{0=PO9_K_SC_MO71_refid},"{0=10, 1=15, 2=100, 3=900, 4=130, 5=200}",{0=PO9_K_SC_MO71_37}
Tc_065,PO9_K_SC_MO72,AC188SF8,NAVYBNV,38,210,"{0=10 PO9_K_SC_MO72, 1=15 PO9_K_SC_MO72, 2=100 PO9_K_SC_MO72, 3=130 PO9_K_SC_MO72, 4=200 PO9_K_SC_MO72}",PO9_K_SC_MO72_210,{0=PO9_K_SC_MO72_38},{0=PO9_K_SC_MO72_refid},"{0=10, 1=15, 2=100, 3=900, 4=130, 5=200}",{0=PO9_K_SC_MO72_38}
Tc_066,PO9_K_SC_MO73,AC188SF8,NAVYBNV,39,210,"{0=10 PO9_K_SC_MO73, 1=15 PO9_K_SC_MO73, 2=100 PO9_K_SC_MO73, 3=130 PO9_K_SC_MO73, 4=200 PO9_K_SC_MO73}",PO9_K_SC_MO73_210,{0=PO9_K_SC_MO73_39},{0=PO9_K_SC_MO73_refid},"{0=10, 1=15, 2=100, 3=900, 4=130, 5=200}",{0=PO9_K_SC_MO73_39}
Tc_067,PO5_K_MC_MO30,JJP316F8,01OFFWH,L,120,"{0=10 PO5_K_MC_MO30, 1=15 PO5_K_MC_MO30, 2=100 PO5_K_MC_MO30, 3=130 PO5_K_MC_MO30, 4=200 PO5_K_MC_MO30}",PO5_K_MC_MO30_120,{0=PO5_K_MC_MO30_L},{0=PO5_K_MC_MO30_refid},"{0=10, 1=15, 2=100, 3=900, 4=130, 5=200}",{0=PO5_K_MC_MO30_L}
Tc_068,PO5_K_MC_MO31,JJP316F8,01OFFWH,M,140,"{0=10 PO5_K_MC_MO31, 1=15 PO5_K_MC_MO31, 2=100 PO5_K_MC_MO31, 3=130 PO5_K_MC_MO31, 4=200 PO5_K_MC_MO31}",PO5_K_MC_MO31_140,{0=PO5_K_MC_MO31_M},{0=PO5_K_MC_MO31_refid},"{0=10, 1=15, 2=100, 3=900, 4=130, 5=200}",{0=PO5_K_MC_MO31_M}
Tc_069,PO5_K_MC_MO32,JJP316F8,01OFFWH,S,150,"{0=10 PO5_K_MC_MO32, 1=15 PO5_K_MC_MO32, 2=100 PO5_K_MC_MO32, 3=130 PO5_K_MC_MO32, 4=200 PO5_K_MC_MO32}",PO5_K_MC_MO32_150,{0=PO5_K_MC_MO32_S},{0=PO5_K_MC_MO32_refid},"{0=10, 1=15, 2=100, 3=900, 4=130, 5=200}",{0=PO5_K_MC_MO32_S}
Tc_070,PO5_K_MC_MO33,JJP316F8,01OFFWH,XL,200,"{0=10 PO5_K_MC_MO33, 1=15 PO5_K_MC_MO33, 2=100 PO5_K_MC_MO33, 3=130 PO5_K_MC_MO33, 4=200 PO5_K_MC_MO33}",PO5_K_MC_MO33_200,{0=PO5_K_MC_MO33_XL},{0=PO5_K_MC_MO33_refid},"{0=10, 1=15, 2=100, 3=900, 4=130, 5=200}",{0=PO5_K_MC_MO33_XL}
Tc_071,PO5_K_MC_MO34,JJP316F8,01OFFWH,XS,300,"{0=10 PO5_K_MC_MO34, 1=15 PO5_K_MC_MO34, 2=100 PO5_K_MC_MO34, 3=130 PO5_K_MC_MO34, 4=200 PO5_K_MC_MO34}",PO5_K_MC_MO34_300,{0=PO5_K_MC_MO34_XS},{0=PO5_K_MC_MO34_refid},"{0=10, 1=15, 2=100, 3=900, 4=130, 5=200}",{0=PO5_K_MC_MO34_XS}
Tc_072,PO5_K_MC_MO35,JJP398H8,69 NAVY-BOTTOM,L,120,"{0=10 PO5_K_MC_MO35, 1=15 PO5_K_MC_MO35, 2=100 PO5_K_MC_MO35, 3=130 PO5_K_MC_MO35, 4=200 PO5_K_MC_MO35}",PO5_K_MC_MO35_120,{0=PO5_K_MC_MO35_L},{0=PO5_K_MC_MO35_refid},"{0=10, 1=15, 2=100, 3=900, 4=130, 5=200}",{0=PO5_K_MC_MO35_L}
Tc_073,PO5_K_MC_MO36,JJP398H8,69 NAVY-BOTTOM,M,140,"{0=10 PO5_K_MC_MO36, 1=15 PO5_K_MC_MO36, 2=100 PO5_K_MC_MO36, 3=130 PO5_K_MC_MO36, 4=200 PO5_K_MC_MO36}",PO5_K_MC_MO36_140,{0=PO5_K_MC_MO36_M},{0=PO5_K_MC_MO36_refid},"{0=10, 1=15, 2=100, 3=900, 4=130, 5=200}",{0=PO5_K_MC_MO36_M}
Tc_074,PO5_K_MC_MO37,JJP398H8,69 NAVY-BOTTOM,S,150,"{0=10 PO5_K_MC_MO37, 1=15 PO5_K_MC_MO37, 2=100 PO5_K_MC_MO37, 3=130 PO5_K_MC_MO37, 4=200 PO5_K_MC_MO37}",PO5_K_MC_MO37_150,{0=PO5_K_MC_MO37_S},{0=PO5_K_MC_MO37_refid},"{0=10, 1=15, 2=100, 3=900, 4=130, 5=200}",{0=PO5_K_MC_MO37_S}
Tc_075,PO5_K_MC_MO38,JJP398H8,69 NAVY-BOTTOM,XL,200,"{0=10 PO5_K_MC_MO38, 1=15 PO5_K_MC_MO38, 2=100 PO5_K_MC_MO38, 3=130 PO5_K_MC_MO38, 4=200 PO5_K_MC_MO38}",PO5_K_MC_MO38_200,{0=PO5_K_MC_MO38_XL},{0=PO5_K_MC_MO38_refid},"{0=10, 1=15, 2=100, 3=900, 4=130, 5=200}",{0=PO5_K_MC_MO38_XL}
Tc_076,PO5_K_MC_MO39,JJP398H8,69 NAVY-BOTTOM,XS,300,"{0=10 PO5_K_MC_MO39, 1=15 PO5_K_MC_MO39, 2=100 PO5_K_MC_MO39, 3=130 PO5_K_MC_MO39, 4=200 PO5_K_MC_MO39}",PO5_K_MC_MO39_300,{0=PO5_K_MC_MO39_XS},{0=PO5_K_MC_MO39_refid},"{0=10, 1=15, 2=100, 3=900, 4=130, 5=200}",{0=PO5_K_MC_MO39_XS}
Tc_077,PO11_K_MC_MO74,JJP336F8,01OFFWH,L,100,"{0=10 PO11_K_MC_MO74, 1=15 PO11_K_MC_MO74, 2=100 PO11_K_MC_MO74, 3=130 PO11_K_MC_MO74, 4=200 PO11_K_MC_MO74}",PO11_K_MC_MO74_100,{0=PO11_K_MC_MO74_L},{0=PO11_K_MC_MO74_refid},"{0=10, 1=15, 2=100, 3=900, 4=130, 5=200}",{0=PO11_K_MC_MO74_L}
Tc_078,PO11_K_MC_MO75,JJP336F8,01OFFWH,M,100,"{0=10 PO11_K_MC_MO75, 1=15 PO11_K_MC_MO75, 2=100 PO11_K_MC_MO75, 3=130 PO11_K_MC_MO75, 4=200 PO11_K_MC_MO75}",PO11_K_MC_MO75_100,{0=PO11_K_MC_MO75_M},{0=PO11_K_MC_MO75_refid},"{0=10, 1=15, 2=100, 3=900, 4=130, 5=200}",{0=PO11_K_MC_MO75_M}
Tc_079,PO11_K_MC_MO76,JJP336F8,01OFFWH,S,100,"{0=10 PO11_K_MC_MO76, 1=15 PO11_K_MC_MO76, 2=100 PO11_K_MC_MO76, 3=130 PO11_K_MC_MO76, 4=200 PO11_K_MC_MO76}",PO11_K_MC_MO76_100,{0=PO11_K_MC_MO76_S},{0=PO11_K_MC_MO76_refid},"{0=10, 1=15, 2=100, 3=900, 4=130, 5=200}",{0=PO11_K_MC_MO76_S}
Tc_080,PO11_K_MC_MO77,JJP336F8,01OFFWH,XL,100,"{0=10 PO11_K_MC_MO77, 1=15 PO11_K_MC_MO77, 2=100 PO11_K_MC_MO77, 3=130 PO11_K_MC_MO77, 4=200 PO11_K_MC_MO77}",PO11_K_MC_MO77_100,{0=PO11_K_MC_MO77_XL},{0=PO11_K_MC_MO77_refid},"{0=10, 1=15, 2=100, 3=900, 4=130, 5=200}",{0=PO11_K_MC_MO77_XL}
Tc_081,PO11_K_MC_MO78,JJP336F8,01OFFWH,XS,100,"{0=10 PO11_K_MC_MO78, 1=15 PO11_K_MC_MO78, 2=100 PO11_K_MC_MO78, 3=130 PO11_K_MC_MO78, 4=200 PO11_K_MC_MO78}",PO11_K_MC_MO78_100,{0=PO11_K_MC_MO78_XS},{0=PO11_K_MC_MO78_refid},"{0=10, 1=15, 2=100, 3=900, 4=130, 5=200}",{0=PO11_K_MC_MO78_XS}
Tc_082,PO11_K_MC_MO79,JJP236F8,69 NAVY-BOTTOM,32,100,"{0=10 PO11_K_MC_MO79, 1=15 PO11_K_MC_MO79, 2=100 PO11_K_MC_MO79, 3=130 PO11_K_MC_MO79, 4=200 PO11_K_MC_MO79}",PO11_K_MC_MO79_100,{0=PO11_K_MC_MO79_32},{0=PO11_K_MC_MO79_refid},"{0=10, 1=15, 2=100, 3=900, 4=130, 5=200}",{0=PO11_K_MC_MO79_32}
Tc_083,PO11_K_MC_MO80,JJP236F8,69 NAVY-BOTTOM,42,100,"{0=10 PO11_K_MC_MO80, 1=15 PO11_K_MC_MO80, 2=100 PO11_K_MC_MO80, 3=130 PO11_K_MC_MO80, 4=200 PO11_K_MC_MO80}",PO11_K_MC_MO80_100,{0=PO11_K_MC_MO80_42},{0=PO11_K_MC_MO80_refid},"{0=10, 1=15, 2=100, 3=900, 4=130, 5=200}",{0=PO11_K_MC_MO80_42}
Tc_084,PO11_K_MC_MO81,JJP236F8,69 NAVY-BOTTOM,52,100,"{0=10 PO11_K_MC_MO81, 1=15 PO11_K_MC_MO81, 2=100 PO11_K_MC_MO81, 3=130 PO11_K_MC_MO81, 4=200 PO11_K_MC_MO81}",PO11_K_MC_MO81_100,{0=PO11_K_MC_MO81_52},{0=PO11_K_MC_MO81_refid},"{0=10, 1=15, 2=100, 3=900, 4=130, 5=200}",{0=PO11_K_MC_MO81_52}
Tc_085,PO11_K_MC_MO82,JJP236F8,69 NAVY-BOTTOM,62,100,"{0=10 PO11_K_MC_MO82, 1=15 PO11_K_MC_MO82, 2=100 PO11_K_MC_MO82, 3=130 PO11_K_MC_MO82, 4=200 PO11_K_MC_MO82}",PO11_K_MC_MO82_100,{0=PO11_K_MC_MO82_62},{0=PO11_K_MC_MO82_refid},"{0=10, 1=15, 2=100, 3=900, 4=130, 5=200}",{0=PO11_K_MC_MO82_62}
Tc_086,PO11_K_MC_MO83,JJP236F8,69 NAVY-BOTTOM,72,100,"{0=10 PO11_K_MC_MO83, 1=15 PO11_K_MC_MO83, 2=100 PO11_K_MC_MO83, 3=130 PO11_K_MC_MO83, 4=200 PO11_K_MC_MO83}",PO11_K_MC_MO83_100,{0=PO11_K_MC_MO83_72},{0=PO11_K_MC_MO83_refid},"{0=10, 1=15, 2=100, 3=900, 4=130, 5=200}",{0=PO11_K_MC_MO83_72}
Tc_087,PO12_K_MC_MO84,JJP306F8,01OFFWH,L,120,"{0=10 PO12_K_MC_MO84, 1=15 PO12_K_MC_MO84, 2=100 PO12_K_MC_MO84, 3=130 PO12_K_MC_MO84, 4=200 PO12_K_MC_MO84}",PO12_K_MC_MO84_120,{0=PO12_K_MC_MO84_L},{0=PO12_K_MC_MO84_refid},"{0=10, 1=15, 2=100, 3=900, 4=130, 5=200}",{0=PO12_K_MC_MO84_L}
Tc_088,PO12_K_MC_MO85,JJP306F8,01OFFWH,M,140,"{0=10 PO12_K_MC_MO85, 1=15 PO12_K_MC_MO85, 2=100 PO12_K_MC_MO85, 3=130 PO12_K_MC_MO85, 4=200 PO12_K_MC_MO85}",PO12_K_MC_MO85_140,{0=PO12_K_MC_MO85_M},{0=PO12_K_MC_MO85_refid},"{0=10, 1=15, 2=100, 3=900, 4=130, 5=200}",{0=PO12_K_MC_MO85_M}
Tc_089,PO12_K_MC_MO86,JJP306F8,01OFFWH,S,150,"{0=10 PO12_K_MC_MO86, 1=15 PO12_K_MC_MO86, 2=100 PO12_K_MC_MO86, 3=130 PO12_K_MC_MO86, 4=200 PO12_K_MC_MO86}",PO12_K_MC_MO86_150,{0=PO12_K_MC_MO86_S},{0=PO12_K_MC_MO86_refid},"{0=10, 1=15, 2=100, 3=900, 4=130, 5=200}",{0=PO12_K_MC_MO86_S}
Tc_090,PO12_K_MC_MO87,JJP306F8,01OFFWH,XL,200,"{0=10 PO12_K_MC_MO87, 1=15 PO12_K_MC_MO87, 2=100 PO12_K_MC_MO87, 3=130 PO12_K_MC_MO87, 4=200 PO12_K_MC_MO87}",PO12_K_MC_MO87_200,{0=PO12_K_MC_MO87_XL},{0=PO12_K_MC_MO87_refid},"{0=10, 1=15, 2=100, 3=900, 4=130, 5=200}",{0=PO12_K_MC_MO87_XL}
Tc_091,PO12_K_MC_MO88,JJP306F8,01OFFWH,XS,300,"{0=10 PO12_K_MC_MO88, 1=15 PO12_K_MC_MO88, 2=100 PO12_K_MC_MO88, 3=130 PO12_K_MC_MO88, 4=200 PO12_K_MC_MO88}",PO12_K_MC_MO88_300,{0=PO12_K_MC_MO88_XS},{0=PO12_K_MC_MO88_refid},"{0=10, 1=15, 2=100, 3=900, 4=130, 5=200}",{0=PO12_K_MC_MO88_XS}
Tc_092,PO12_K_MC_MO89,JJP198H8,69 NAVY-BOTTOM,L,240,"{0=10 PO12_K_MC_MO89, 1=15 PO12_K_MC_MO89, 2=100 PO12_K_MC_MO89, 3=130 PO12_K_MC_MO89, 4=200 PO12_K_MC_MO89}",PO12_K_MC_MO89_240,{0=PO12_K_MC_MO89_L},{0=PO12_K_MC_MO89_refid},"{0=10, 1=15, 2=100, 3=900, 4=130, 5=200}",{0=PO12_K_MC_MO89_L}
Tc_093,PO12_K_MC_MO90,JJP198H8,69 NAVY-BOTTOM,M,280,"{0=10 PO12_K_MC_MO90, 1=15 PO12_K_MC_MO90, 2=100 PO12_K_MC_MO90, 3=130 PO12_K_MC_MO90, 4=200 PO12_K_MC_MO90}",PO12_K_MC_MO90_280,{0=PO12_K_MC_MO90_M},{0=PO12_K_MC_MO90_refid},"{0=10, 1=15, 2=100, 3=900, 4=130, 5=200}",{0=PO12_K_MC_MO90_M}
Tc_094,PO12_K_MC_MO91,JJP198H8,69 NAVY-BOTTOM,S,300,"{0=10 PO12_K_MC_MO91, 1=15 PO12_K_MC_MO91, 2=100 PO12_K_MC_MO91, 3=130 PO12_K_MC_MO91, 4=200 PO12_K_MC_MO91}",PO12_K_MC_MO91_300,{0=PO12_K_MC_MO91_S},{0=PO12_K_MC_MO91_refid},"{0=10, 1=15, 2=100, 3=900, 4=130, 5=200}",{0=PO12_K_MC_MO91_S}
Tc_095,PO12_K_MC_MO92,JJP198H8,69 NAVY-BOTTOM,XL,400,"{0=10 PO12_K_MC_MO92, 1=15 PO12_K_MC_MO92, 2=100 PO12_K_MC_MO92, 3=130 PO12_K_MC_MO92, 4=200 PO12_K_MC_MO92}",PO12_K_MC_MO92_400,{0=PO12_K_MC_MO92_XL},{0=PO12_K_MC_MO92_refid},"{0=10, 1=15, 2=100, 3=900, 4=130, 5=200}",{0=PO12_K_MC_MO92_XL}
Tc_096,PO12_K_MC_MO93,JJP198H8,69 NAVY-TOP,XS,600,"{0=10 PO12_K_MC_MO93, 1=15 PO12_K_MC_MO93, 2=100 PO12_K_MC_MO93, 3=130 PO12_K_MC_MO93, 4=200 PO12_K_MC_MO93}",PO12_K_MC_MO93_600,{0=PO12_K_MC_MO93_XS},{0=PO12_K_MC_MO93_refid},"{0=10, 1=15, 2=100, 3=900, 4=130, 5=200}",{0=PO12_K_MC_MO93_XS}
Tc_097,PO13_K_MC_MO94,JJP2906F8,01OFFWH,S,100,"{0=10 PO13_K_MC_MO94, 1=15 PO13_K_MC_MO94, 2=100 PO13_K_MC_MO94, 3=130 PO13_K_MC_MO94, 4=200 PO13_K_MC_MO94}",PO13_K_MC_MO94_100,{0=PO13_K_MC_MO94_S},{0=PO13_K_MC_MO94_refid},"{0=10, 1=15, 2=100, 3=900, 4=130, 5=200}",{0=PO13_K_MC_MO94_S}
Tc_098,PO13_K_MC_MO95,JJP2906F8,69 NAVY-BOTTOM,M,100,"{0=10 PO13_K_MC_MO95, 1=15 PO13_K_MC_MO95, 2=100 PO13_K_MC_MO95, 3=130 PO13_K_MC_MO95, 4=200 PO13_K_MC_MO95}",PO13_K_MC_MO95_100,{0=PO13_K_MC_MO95_M},{0=PO13_K_MC_MO95_refid},"{0=10, 1=15, 2=100, 3=900, 4=130, 5=200}",{0=PO13_K_MC_MO95_M}
Tc_099,PO13_K_MC_MO96,JJP2906F8,69 NAVY-TOP,L,100,"{0=10 PO13_K_MC_MO96, 1=15 PO13_K_MC_MO96, 2=100 PO13_K_MC_MO96, 3=130 PO13_K_MC_MO96, 4=200 PO13_K_MC_MO96}",PO13_K_MC_MO96_100,{0=PO13_K_MC_MO96_L},{0=PO13_K_MC_MO96_refid},"{0=10, 1=15, 2=100, 3=900, 4=130, 5=200}",{0=PO13_K_MC_MO96_L}
Tc_100,PO13_K_MC_MO97,JJP2806F8,BLACK,M,100,"{0=10 PO13_K_MC_MO97, 1=15 PO13_K_MC_MO97, 2=100 PO13_K_MC_MO97, 3=130 PO13_K_MC_MO97, 4=200 PO13_K_MC_MO97}",PO13_K_MC_MO97_100,{0=PO13_K_MC_MO97_M},{0=PO13_K_MC_MO97_refid},"{0=10, 1=15, 2=100, 3=900, 4=130, 5=200}",{0=PO13_K_MC_MO97_M}
Tc_101,PO13_K_MC_MO98,JJP2806F8,WHITE,L,100,"{0=10 PO13_K_MC_MO98, 1=15 PO13_K_MC_MO98, 2=100 PO13_K_MC_MO98, 3=130 PO13_K_MC_MO98, 4=200 PO13_K_MC_MO98}",PO13_K_MC_MO98_100,{0=PO13_K_MC_MO98_L},{0=PO13_K_MC_MO98_refid},"{0=10, 1=15, 2=100, 3=900, 4=130, 5=200}",{0=PO13_K_MC_MO98_L}
Tc_102,PO13_K_MC_MO99,JJP2706F8,BLACK,M,100,"{0=10 PO13_K_MC_MO99, 1=15 PO13_K_MC_MO99, 2=100 PO13_K_MC_MO99, 3=130 PO13_K_MC_MO99, 4=200 PO13_K_MC_MO99}",PO13_K_MC_MO99_100,{0=PO13_K_MC_MO99_M},{0=PO13_K_MC_MO99_refid},"{0=10, 1=15, 2=100, 3=900, 4=130, 5=200}",{0=PO13_K_MC_MO99_M}
Tc_103,PO13_K_MC_MO100,JJP2706F8,WHITE,L,100,"{0=10 PO13_K_MC_MO100, 1=15 PO13_K_MC_MO100, 2=100 PO13_K_MC_MO100, 3=130 PO13_K_MC_MO100, 4=200 PO13_K_MC_MO100}",PO13_K_MC_MO100_100,{0=PO13_K_MC_MO100_L},{0=PO13_K_MC_MO100_refid},"{0=10, 1=15, 2=100, 3=900, 4=130, 5=200}",{0=PO13_K_MC_MO100_L}
Tc_104,PO14_K_MC_MO101,JJP336F8,01OFFWH,L,100,"{0=10 PO14_K_MC_MO101, 1=15 PO14_K_MC_MO101, 2=100 PO14_K_MC_MO101, 3=130 PO14_K_MC_MO101, 4=200 PO14_K_MC_MO101}",PO14_K_MC_MO101_100,{0=PO14_K_MC_MO101_L},{0=PO14_K_MC_MO101_refid},"{0=10, 1=15, 2=100, 3=900, 4=130, 5=200}",{0=PO14_K_MC_MO101_L}
Tc_105,PO14_K_MC_MO102,JJP336F8,01OFFWH,M,100,"{0=10 PO14_K_MC_MO102, 1=15 PO14_K_MC_MO102, 2=100 PO14_K_MC_MO102, 3=130 PO14_K_MC_MO102, 4=200 PO14_K_MC_MO102}",PO14_K_MC_MO102_100,{0=PO14_K_MC_MO102_M},{0=PO14_K_MC_MO102_refid},"{0=10, 1=15, 2=100, 3=900, 4=130, 5=200}",{0=PO14_K_MC_MO102_M}
Tc_106,PO14_K_MC_MO103,JJP336F8,01OFFWH,S,100,"{0=10 PO14_K_MC_MO103, 1=15 PO14_K_MC_MO103, 2=100 PO14_K_MC_MO103, 3=130 PO14_K_MC_MO103, 4=200 PO14_K_MC_MO103}",PO14_K_MC_MO103_100,{0=PO14_K_MC_MO103_S},{0=PO14_K_MC_MO103_refid},"{0=10, 1=15, 2=100, 3=900, 4=130, 5=200}",{0=PO14_K_MC_MO103_S}
Tc_107,PO14_K_MC_MO104,JJP336F8,01OFFWH,XL,100,"{0=10 PO14_K_MC_MO104, 1=15 PO14_K_MC_MO104, 2=100 PO14_K_MC_MO104, 3=130 PO14_K_MC_MO104, 4=200 PO14_K_MC_MO104}",PO14_K_MC_MO104_100,{0=PO14_K_MC_MO104_XL},{0=PO14_K_MC_MO104_refid},"{0=10, 1=15, 2=100, 3=900, 4=130, 5=200}",{0=PO14_K_MC_MO104_XL}
Tc_108,PO14_K_MC_MO105,JJP336F8,01OFFWH,XS,100,"{0=10 PO14_K_MC_MO105, 1=15 PO14_K_MC_MO105, 2=100 PO14_K_MC_MO105, 3=130 PO14_K_MC_MO105, 4=200 PO14_K_MC_MO105}",PO14_K_MC_MO105_100,{0=PO14_K_MC_MO105_XS},{0=PO14_K_MC_MO105_refid},"{0=10, 1=15, 2=100, 3=900, 4=130, 5=200}",{0=PO14_K_MC_MO105_XS}
Tc_109,PO14_K_MC_MO106,JJP236F8,69 NAVY-BOTTOM,32,50,"{0=10 PO14_K_MC_MO106, 1=15 PO14_K_MC_MO106, 2=100 PO14_K_MC_MO106, 3=130 PO14_K_MC_MO106, 4=200 PO14_K_MC_MO106}",PO14_K_MC_MO106_50,{0=PO14_K_MC_MO106_32},{0=PO14_K_MC_MO106_refid},"{0=10, 1=15, 2=100, 3=900, 4=130, 5=200}",{0=PO14_K_MC_MO106_32}
Tc_110,PO14_K_MC_MO107,JJP236F8,69 NAVY-BOTTOM,42,50,"{0=10 PO14_K_MC_MO107, 1=15 PO14_K_MC_MO107, 2=100 PO14_K_MC_MO107, 3=130 PO14_K_MC_MO107, 4=200 PO14_K_MC_MO107}",PO14_K_MC_MO107_50,{0=PO14_K_MC_MO107_42},{0=PO14_K_MC_MO107_refid},"{0=10, 1=15, 2=100, 3=900, 4=130, 5=200}",{0=PO14_K_MC_MO107_42}
Tc_111,PO14_K_MC_MO108,JJP236F8,69 NAVY-BOTTOM,52,50,"{0=10 PO14_K_MC_MO108, 1=15 PO14_K_MC_MO108, 2=100 PO14_K_MC_MO108, 3=130 PO14_K_MC_MO108, 4=200 PO14_K_MC_MO108}",PO14_K_MC_MO108_50,{0=PO14_K_MC_MO108_52},{0=PO14_K_MC_MO108_refid},"{0=10, 1=15, 2=100, 3=900, 4=130, 5=200}",{0=PO14_K_MC_MO108_52}
Tc_112,PO14_K_MC_MO109,JJP236F8,69 NAVY-BOTTOM,62,50,"{0=10 PO14_K_MC_MO109, 1=15 PO14_K_MC_MO109, 2=100 PO14_K_MC_MO109, 3=130 PO14_K_MC_MO109, 4=200 PO14_K_MC_MO109}",PO14_K_MC_MO109_50,{0=PO14_K_MC_MO109_62},{0=PO14_K_MC_MO109_refid},"{0=10, 1=15, 2=100, 3=900, 4=130, 5=200}",{0=PO14_K_MC_MO109_62}
Tc_113,PO14_K_MC_MO110,JJP236F8,69 NAVY-BOTTOM,72,50,"{0=10 PO14_K_MC_MO110, 1=15 PO14_K_MC_MO110, 2=100 PO14_K_MC_MO110, 3=130 PO14_K_MC_MO110, 4=200 PO14_K_MC_MO110}",PO14_K_MC_MO110_50,{0=PO14_K_MC_MO110_72},{0=PO14_K_MC_MO110_refid},"{0=10, 1=15, 2=100, 3=900, 4=130, 5=200}",{0=PO14_K_MC_MO110_72}
Tc_114,PO19_K_MC_MO111,JJP236F8,BLACK,L,1000,"{0=10 PO19_K_MC_MO111, 1=15 PO19_K_MC_MO111, 2=100 PO19_K_MC_MO111, 3=130 PO19_K_MC_MO111, 4=200 PO19_K_MC_MO111}",PO19_K_MC_MO111_1000,{0=PO19_K_MC_MO111_L},{0=PO19_K_MC_MO111_refid},"{0=10, 1=15, 2=100, 3=900, 4=130, 5=200}",{0=PO19_K_MC_MO111_L}
Tc_115,PO19_K_MC_MO112,JJP266F8,BROWN,L,1000,"{0=10 PO19_K_MC_MO112, 1=15 PO19_K_MC_MO112, 2=100 PO19_K_MC_MO112, 3=130 PO19_K_MC_MO112, 4=200 PO19_K_MC_MO112}",PO19_K_MC_MO112_1000,{0=PO19_K_MC_MO112_L},{0=PO19_K_MC_MO112_refid},"{0=10, 1=15, 2=100, 3=900, 4=130, 5=200}",{0=PO19_K_MC_MO112_L}
Tc_116,PO19_NK_SC_MO113,JJP166F8,WHITE,L,1000,"{0=10 PO19_NK_SC_MO113, 1=15 PO19_NK_SC_MO113, 2=100 PO19_NK_SC_MO113, 3=130 PO19_NK_SC_MO113, 4=200 PO19_NK_SC_MO113}",PO19_NK_SC_MO113_1000,{0=PO19_NK_SC_MO113_L},{0=PO19_NK_SC_MO113_refid},"{0=10, 1=15, 2=100, 3=900, 4=130, 5=200}",{0=PO19_NK_SC_MO113_L}
Tc_117,PO16_NK_SC_MO114,JJP246F8,69 NAVY-BOTTOM,S,200,"{0=10 PO16_NK_SC_MO114, 1=15 PO16_NK_SC_MO114, 2=100 PO16_NK_SC_MO114, 3=130 PO16_NK_SC_MO114, 4=200 PO16_NK_SC_MO114}",PO16_NK_SC_MO114_200,{0=PO16_NK_SC_MO114_S},{0=PO16_NK_SC_MO114_refid},"{0=10, 1=15, 2=100, 3=900, 4=130, 5=200}",{0=PO16_NK_SC_MO114_S}
Tc_118,PO16_NK_SC_MO115,JJP246F8,69 NAVY-BOTTOM,M,200,"{0=10 PO16_NK_SC_MO115, 1=15 PO16_NK_SC_MO115, 2=100 PO16_NK_SC_MO115, 3=130 PO16_NK_SC_MO115, 4=200 PO16_NK_SC_MO115}",PO16_NK_SC_MO115_200,{0=PO16_NK_SC_MO115_M},{0=PO16_NK_SC_MO115_refid},"{0=10, 1=15, 2=100, 3=900, 4=130, 5=200}",{0=PO16_NK_SC_MO115_M}
Tc_119,PO16_NK_SC_MO116,JJP246F8,69 NAVY-BOTTOM,L,200,"{0=10 PO16_NK_SC_MO116, 1=15 PO16_NK_SC_MO116, 2=100 PO16_NK_SC_MO116, 3=130 PO16_NK_SC_MO116, 4=200 PO16_NK_SC_MO116}",PO16_NK_SC_MO116_200,{0=PO16_NK_SC_MO116_L},{0=PO16_NK_SC_MO116_refid},"{0=10, 1=15, 2=100, 3=900, 4=130, 5=200}",{0=PO16_NK_SC_MO116_L}
Tc_120,PO16_NK_SC_MO117,JJP246F8,69 NAVY-BOTTOM,XL,200,"{0=10 PO16_NK_SC_MO117, 1=15 PO16_NK_SC_MO117, 2=100 PO16_NK_SC_MO117, 3=130 PO16_NK_SC_MO117, 4=200 PO16_NK_SC_MO117}",PO16_NK_SC_MO117_200,{0=PO16_NK_SC_MO117_XL},{0=PO16_NK_SC_MO117_refid},"{0=10, 1=15, 2=100, 3=900, 4=130, 5=200}",{0=PO16_NK_SC_MO117_XL}
Tc_121,PO17_NK_SC_MO118,JJP246F8,69 NAVY-BOTTOM,S,100,"{0=10 PO17_NK_SC_MO118, 1=15 PO17_NK_SC_MO118, 2=100 PO17_NK_SC_MO118, 3=130 PO17_NK_SC_MO118, 4=200 PO17_NK_SC_MO118}",PO17_NK_SC_MO118_100,{0=PO17_NK_SC_MO118_S},{0=PO17_NK_SC_MO118_refid},"{0=10, 1=15, 2=100, 3=900, 4=130, 5=200}",{0=PO17_NK_SC_MO118_S}
Tc_122,PO17_NK_SC_MO119,JJP246F8,69 NAVY-BOTTOM,M,200,"{0=10 PO17_NK_SC_MO119, 1=15 PO17_NK_SC_MO119, 2=100 PO17_NK_SC_MO119, 3=130 PO17_NK_SC_MO119, 4=200 PO17_NK_SC_MO119}",PO17_NK_SC_MO119_200,{0=PO17_NK_SC_MO119_M},{0=PO17_NK_SC_MO119_refid},"{0=10, 1=15, 2=100, 3=900, 4=130, 5=200}",{0=PO17_NK_SC_MO119_M}
Tc_123,PO17_NK_SC_MO120,JJP246F8,69 NAVY-BOTTOM,L,400,"{0=10 PO17_NK_SC_MO120, 1=15 PO17_NK_SC_MO120, 2=100 PO17_NK_SC_MO120, 3=130 PO17_NK_SC_MO120, 4=200 PO17_NK_SC_MO120}",PO17_NK_SC_MO120_400,{0=PO17_NK_SC_MO120_L},{0=PO17_NK_SC_MO120_refid},"{0=10, 1=15, 2=100, 3=900, 4=130, 5=200}",{0=PO17_NK_SC_MO120_L}
Tc_124,PO17_NK_SC_MO121,JJP246F8,69 NAVY-BOTTOM,XL,600,"{0=10 PO17_NK_SC_MO121, 1=15 PO17_NK_SC_MO121, 2=100 PO17_NK_SC_MO121, 3=130 PO17_NK_SC_MO121, 4=200 PO17_NK_SC_MO121}",PO17_NK_SC_MO121_600,{0=PO17_NK_SC_MO121_XL},{0=PO17_NK_SC_MO121_refid},"{0=10, 1=15, 2=100, 3=900, 4=130, 5=200}",{0=PO17_NK_SC_MO121_XL}
Tc_125,PO18_NK_SC_MO122,JJP246F8,69 NAVY-BOTTOM,S,120,"{0=10 PO18_NK_SC_MO122, 1=15 PO18_NK_SC_MO122, 2=100 PO18_NK_SC_MO122, 3=130 PO18_NK_SC_MO122, 4=200 PO18_NK_SC_MO122}",PO18_NK_SC_MO122_120,{0=PO18_NK_SC_MO122_S},{0=PO18_NK_SC_MO122_refid},"{0=10, 1=15, 2=100, 3=900, 4=130, 5=200}",{0=PO18_NK_SC_MO122_S}
Tc_126,PO18_NK_SC_MO123,JJP246F8,69 NAVY-BOTTOM,M,70,"{0=10 PO18_NK_SC_MO123, 1=15 PO18_NK_SC_MO123, 2=100 PO18_NK_SC_MO123, 3=130 PO18_NK_SC_MO123, 4=200 PO18_NK_SC_MO123}",PO18_NK_SC_MO123_70,{0=PO18_NK_SC_MO123_M},{0=PO18_NK_SC_MO123_refid},"{0=10, 1=15, 2=100, 3=900, 4=130, 5=200}",{0=PO18_NK_SC_MO123_M}
Tc_127,PO18_NK_SC_MO124,JJP246F8,69 NAVY-BOTTOM,L,90,"{0=10 PO18_NK_SC_MO124, 1=15 PO18_NK_SC_MO124, 2=100 PO18_NK_SC_MO124, 3=130 PO18_NK_SC_MO124, 4=200 PO18_NK_SC_MO124}",PO18_NK_SC_MO124_90,{0=PO18_NK_SC_MO124_L},{0=PO18_NK_SC_MO124_refid},"{0=10, 1=15, 2=100, 3=900, 4=130, 5=200}",{0=PO18_NK_SC_MO124_L}
Tc_128,PO18_NK_SC_MO125,JJP246F8,69 NAVY-BOTTOM,XL,100,"{0=10 PO18_NK_SC_MO125, 1=15 PO18_NK_SC_MO125, 2=100 PO18_NK_SC_MO125, 3=130 PO18_NK_SC_MO125, 4=200 PO18_NK_SC_MO125}",PO18_NK_SC_MO125_100,{0=PO18_NK_SC_MO125_XL},{0=PO18_NK_SC_MO125_refid},"{0=10, 1=15, 2=100, 3=900, 4=130, 5=200}",{0=PO18_NK_SC_MO125_XL}
